name,position,team,element,expected_goal_involvements,total_points
Folarin Balogun,FWD,Arsenal,1,0,0
Folarin Balogun,FWD,Arsenal,1,0,0
Folarin Balogun,FWD,Arsenal,1,0,0
Cédric Alves Soares,DEF,Arsenal,2,0,0
Cédric Alves Soares,DEF,Arsenal,2,0,0
Cédric Alves Soares,DEF,Arsenal,2,0,0
Mohamed Elneny,MID,Arsenal,3,0,0
Mohamed Elneny,MID,Arsenal,3,0,0
Mohamed Elneny,MID,Arsenal,3,0,0
Fábio Ferreira Vieira,MID,Arsenal,4,0,0
Fábio Ferreira Vieira,MID,Arsenal,4,0,0
Fábio Ferreira Vieira,MID,Arsenal,4,0.26,7
Gabriel dos Santos Magalhães,DEF,Arsenal,5,0,1
Gabriel dos Santos Magalhães,DEF,Arsenal,5,0,1
Gabriel dos Santos Magalhães,DEF,Arsenal,5,0,0
Kai Havertz,MID,Arsenal,6,0.29,2
Kai Havertz,MID,Arsenal,6,0.07,2
Kai Havertz,MID,Arsenal,6,0.41,1
Rob Holding,DEF,Arsenal,7,0,0
Rob Holding,DEF,Arsenal,7,0,0
Rob Holding,DEF,Arsenal,7,0,0
Gabriel Fernando de Jesus,FWD,Arsenal,8,0,0
Gabriel Fernando de Jesus,FWD,Arsenal,8,0,0
Gabriel Fernando de Jesus,FWD,Arsenal,8,0.15,1
Jorge Luiz Frello Filho,MID,Arsenal,9,0,0
Jorge Luiz Frello Filho,MID,Arsenal,9,0.01,1
Jorge Luiz Frello Filho,MID,Arsenal,9,0.03,1
Jakub Kiwior,DEF,Arsenal,10,0,0
Jakub Kiwior,DEF,Arsenal,10,0,1
Jakub Kiwior,DEF,Arsenal,10,0.35,1
Marcus Oliveira Alencar,MID,Arsenal,11,0,0
Marcus Oliveira Alencar,MID,Arsenal,11,0,0
Marcus Oliveira Alencar,MID,Arsenal,11,0,0
Gabriel Martinelli Silva,MID,Arsenal,12,0.22,5
Gabriel Martinelli Silva,MID,Arsenal,12,0.15,3
Gabriel Martinelli Silva,MID,Arsenal,12,0.65,2
Eddie Nketiah,FWD,Arsenal,13,0.22,8
Eddie Nketiah,FWD,Arsenal,13,0.83,5
Eddie Nketiah,FWD,Arsenal,13,0.53,5
Martin Ødegaard,MID,Arsenal,14,0.2,2
Martin Ødegaard,MID,Arsenal,14,0.92,11
Martin Ødegaard,MID,Arsenal,14,0.25,2
Thomas Partey,MID,Arsenal,15,0.06,2
Thomas Partey,MID,Arsenal,15,0.12,3
Thomas Partey,MID,Arsenal,15,0.08,1
Nicolas Pépé,MID,Arsenal,16,0,0
Nicolas Pépé,MID,Arsenal,16,0,0
Nicolas Pépé,MID,Arsenal,16,0,0
Aaron Ramsdale,GK,Arsenal,17,0,2
Aaron Ramsdale,GK,Arsenal,17,0.01,6
Aaron Ramsdale,GK,Arsenal,17,0,1
Rúnar Alex Rúnarsson,GK,Arsenal,18,0,0
Rúnar Alex Rúnarsson,GK,Arsenal,18,0,0
Rúnar Alex Rúnarsson,GK,Arsenal,18,0,0
Bukayo Saka,MID,Arsenal,19,0.36,10
Bukayo Saka,MID,Arsenal,19,0.27,3
Bukayo Saka,MID,Arsenal,19,2.44,8
William Saliba,DEF,Arsenal,20,0.03,5
William Saliba,DEF,Arsenal,20,0.01,8
William Saliba,DEF,Arsenal,20,0.07,1
Albert Sambi Lokonga,MID,Arsenal,21,0,0
Albert Sambi Lokonga,MID,Arsenal,21,0,0
Albert Sambi Lokonga,MID,Arsenal,21,0,0
Emile Smith Rowe,MID,Arsenal,22,0,0
Emile Smith Rowe,MID,Arsenal,22,0,0
Emile Smith Rowe,MID,Arsenal,22,0,0
Nuno Varela Tavares,DEF,Arsenal,23,0,0
Nuno Varela Tavares,DEF,Arsenal,23,0,0
Nuno Varela Tavares,DEF,Arsenal,23,0,0
Kieran Tierney,DEF,Arsenal,24,0,0
Kieran Tierney,DEF,Arsenal,24,0,0
Kieran Tierney,DEF,Arsenal,24,0,0
Takehiro Tomiyasu,DEF,Arsenal,25,0.05,1
Takehiro Tomiyasu,DEF,Arsenal,25,0.03,3
Takehiro Tomiyasu,DEF,Arsenal,25,0,0
Leandro Trossard,MID,Arsenal,26,0.01,1
Leandro Trossard,MID,Arsenal,26,0,0
Leandro Trossard,MID,Arsenal,26,0.68,1
Auston Trusty,DEF,Sheffield Utd,27,0,0
Auston Trusty,DEF,Sheffield Utd,27,0,0
Auston Trusty,DEF,Sheffield Utd,27,0,0
Matt Turner,GK,Nott'm Forest,28,0,2
Matt Turner,GK,Nott'm Forest,28,0,2
Matt Turner,GK,Nott'm Forest,28,0,3
Benjamin White,DEF,Arsenal,29,0.03,1
Benjamin White,DEF,Arsenal,29,0.02,7
Benjamin White,DEF,Arsenal,29,0.1,1
Granit Xhaka,MID,Arsenal,30,0,0
Granit Xhaka,MID,Arsenal,30,0,0
Granit Xhaka,MID,Arsenal,30,0,0
Oleksandr Zinchenko,DEF,Arsenal,31,0,0
Oleksandr Zinchenko,DEF,Arsenal,31,0,1
Oleksandr Zinchenko,DEF,Arsenal,31,0.03,1
Alexandre Moreno Lopera,DEF,Aston Villa,32,0,0
Alexandre Moreno Lopera,DEF,Aston Villa,32,0,0
Alexandre Moreno Lopera,DEF,Aston Villa,32,0,0
Cameron Archer,FWD,Aston Villa,33,0,0
Cameron Archer,FWD,Aston Villa,33,0,0
Cameron Archer,FWD,Aston Villa,33,0,0
Leon Bailey,MID,Aston Villa,34,0.01,1
Leon Bailey,MID,Aston Villa,34,1,14
Leon Bailey,MID,Aston Villa,34,0,0
Emiliano Buendía Stati,MID,Aston Villa,35,0,0
Emiliano Buendía Stati,MID,Aston Villa,35,0,0
Emiliano Buendía Stati,MID,Aston Villa,35,0,0
Matty Cash,DEF,Aston Villa,36,0.74,-1
Matty Cash,DEF,Aston Villa,36,0.27,6
Matty Cash,DEF,Aston Villa,36,1.37,17
Calum Chambers,DEF,Aston Villa,37,0,0
Calum Chambers,DEF,Aston Villa,37,0,0
Calum Chambers,DEF,Aston Villa,37,0,0
Philippe Coutinho Correia,MID,Aston Villa,38,0.09,1
Philippe Coutinho Correia,MID,Aston Villa,38,0.08,1
Philippe Coutinho Correia,MID,Aston Villa,38,0,0
Keinan Davis,FWD,Aston Villa,39,0,0
Keinan Davis,FWD,Aston Villa,39,0,0
Keinan Davis,FWD,Aston Villa,39,0,0
Leander Dendoncker,MID,Aston Villa,40,0,0
Leander Dendoncker,MID,Aston Villa,40,0,0
Leander Dendoncker,MID,Aston Villa,40,0,0
Diego Carlos Santos Silva,DEF,Aston Villa,41,0.27,0
Diego Carlos Santos Silva,DEF,Aston Villa,41,0,1
Diego Carlos Santos Silva,DEF,Aston Villa,41,0.11,2
Lucas Digne,DEF,Aston Villa,42,0.15,-1
Lucas Digne,DEF,Aston Villa,42,0.07,10
Lucas Digne,DEF,Aston Villa,42,0.08,5
Douglas Luiz Soares de Paulo,MID,Aston Villa,43,0.34,1
Douglas Luiz Soares de Paulo,MID,Aston Villa,43,0.89,7
Douglas Luiz Soares de Paulo,MID,Aston Villa,43,0.13,2
Jhon Durán,FWD,Aston Villa,44,0,0
Jhon Durán,FWD,Aston Villa,44,0.55,7
Jhon Durán,FWD,Aston Villa,44,0,1
Kortney Hause,DEF,Aston Villa,45,0,0
Kortney Hause,DEF,Aston Villa,45,0,0
Kortney Hause,DEF,Aston Villa,45,0,0
Tim Iroegbunam,MID,Aston Villa,46,0,0
Tim Iroegbunam,MID,Aston Villa,46,0,0
Tim Iroegbunam,MID,Aston Villa,46,0,0
Boubacar Kamara,MID,Aston Villa,47,0.05,2
Boubacar Kamara,MID,Aston Villa,47,0.05,3
Boubacar Kamara,MID,Aston Villa,47,0.03,3
Ezri Konsa Ngoyo,DEF,Aston Villa,48,0.01,0
Ezri Konsa Ngoyo,DEF,Aston Villa,48,0,6
Ezri Konsa Ngoyo,DEF,Aston Villa,48,0.01,2
Emiliano Martínez Romero,GK,Aston Villa,49,0,1
Emiliano Martínez Romero,GK,Aston Villa,49,0,8
Emiliano Martínez Romero,GK,Aston Villa,49,0,0
John McGinn,MID,Aston Villa,50,0.03,2
John McGinn,MID,Aston Villa,50,0.95,10
John McGinn,MID,Aston Villa,50,0.15,2
Tyrone Mings,DEF,Aston Villa,51,0.17,0
Tyrone Mings,DEF,Aston Villa,51,0,0
Tyrone Mings,DEF,Aston Villa,51,0,0
Marvelous Nakamba,MID,Luton,52,0.02,2
Marvelous Nakamba,MID,Luton,52,0.02,1
Robin Olsen,GK,Aston Villa,53,0,0
Robin Olsen,GK,Aston Villa,53,0,0
Robin Olsen,GK,Aston Villa,53,0,2
Jaden Philogene-Bidace,MID,Aston Villa,54,0,1
Jaden Philogene-Bidace,MID,Aston Villa,54,0,0
Jaden Philogene-Bidace,MID,Aston Villa,54,0,0
Jacob Ramsey,MID,Aston Villa,55,0,0
Jacob Ramsey,MID,Aston Villa,55,0,0
Jacob Ramsey,MID,Aston Villa,55,0,0
Morgan Sanson,MID,Aston Villa,56,0,0
Morgan Sanson,MID,Aston Villa,56,0,0
Morgan Sanson,MID,Aston Villa,56,0,0
Viljami Sinisalo,GK,Aston Villa,57,0,0
Viljami Sinisalo,GK,Aston Villa,57,0,0
Viljami Sinisalo,GK,Aston Villa,57,0,0
Youri Tielemans,MID,Aston Villa,58,0.09,1
Youri Tielemans,MID,Aston Villa,58,0.01,1
Youri Tielemans,MID,Aston Villa,58,0,1
Bertrand Traoré,MID,Aston Villa,59,0,0
Bertrand Traoré,MID,Aston Villa,59,0,0
Bertrand Traoré,MID,Aston Villa,59,0,1
Ollie Watkins,FWD,Aston Villa,60,0.33,5
Ollie Watkins,FWD,Aston Villa,60,0.2,5
Ollie Watkins,FWD,Aston Villa,60,0.79,5
Wesley Moraes Ferreira da Silva,FWD,Aston Villa,61,0,0
Wesley Moraes Ferreira da Silva,FWD,Aston Villa,61,0,0
Wesley Moraes Ferreira da Silva,FWD,Aston Villa,61,0,0
Jaidon Anthony,MID,Bournemouth,62,0,1
Jaidon Anthony,MID,Bournemouth,62,0,1
Jaidon Anthony,MID,Bournemouth,62,0.09,1
Philip Billing,MID,Bournemouth,63,0.13,2
Philip Billing,MID,Bournemouth,63,0.48,2
Philip Billing,MID,Bournemouth,63,0.32,2
David Brooks,MID,Bournemouth,64,0.18,2
David Brooks,MID,Bournemouth,64,0.19,1
David Brooks,MID,Bournemouth,64,0.01,1
Ryan Christie,MID,Bournemouth,65,0.05,2
Ryan Christie,MID,Bournemouth,65,0,2
Ryan Christie,MID,Bournemouth,65,0.17,1
Lewis Cook,MID,Bournemouth,66,0,0
Lewis Cook,MID,Bournemouth,66,0,0
Lewis Cook,MID,Bournemouth,66,0.04,1
Siriki Dembélé,MID,Bournemouth,67,0,0
Siriki Dembélé,MID,Bournemouth,67,0,0
Siriki Dembélé,MID,Bournemouth,67,0,0
Ryan Fredericks,DEF,Bournemouth,68,0,0
Ryan Fredericks,DEF,Bournemouth,68,0,0
Ryan Fredericks,DEF,Bournemouth,68,0,0
James Hill,DEF,Bournemouth,69,0.01,1
James Hill,DEF,Bournemouth,69,0,0
James Hill,DEF,Bournemouth,69,0,0
Lloyd Kelly,DEF,Bournemouth,70,0,0
Lloyd Kelly,DEF,Bournemouth,70,0,1
Lloyd Kelly,DEF,Bournemouth,70,0.01,0
Gavin Kilkenny,MID,Bournemouth,71,0,0
Gavin Kilkenny,MID,Bournemouth,71,0,0
Gavin Kilkenny,MID,Bournemouth,71,0,0
Justin Kluivert,MID,Bournemouth,72,0.01,1
Justin Kluivert,MID,Bournemouth,72,0.23,1
Justin Kluivert,MID,Bournemouth,72,0.05,1
Jamal Lowe,MID,Bournemouth,73,0,0
Jamal Lowe,MID,Bournemouth,73,0,0
Jamal Lowe,MID,Bournemouth,73,0,0
Emiliano Marcondes,MID,Bournemouth,74,0,0
Emiliano Marcondes,MID,Bournemouth,74,0,0
Emiliano Marcondes,MID,Bournemouth,74,0,0
Chris Mepham,DEF,Bournemouth,75,0.01,0
Chris Mepham,DEF,Bournemouth,75,0,0
Chris Mepham,DEF,Bournemouth,75,0,0
Kieffer Moore,FWD,Bournemouth,76,0.09,1
Kieffer Moore,FWD,Bournemouth,76,0.23,1
Kieffer Moore,FWD,Bournemouth,76,0.01,1
Norberto Murara Neto,GK,Bournemouth,77,0.01,2
Norberto Murara Neto,GK,Bournemouth,77,0,10
Norberto Murara Neto,GK,Bournemouth,77,0,2
Dango Ouattara,MID,Bournemouth,78,0,0
Dango Ouattara,MID,Bournemouth,78,0,0
Dango Ouattara,MID,Bournemouth,78,0,0
Ben Pearson,MID,Bournemouth,79,0,0
Ben Pearson,MID,Bournemouth,79,0,0
Ben Pearson,MID,Bournemouth,79,0,0
Darren Randolph,GK,Bournemouth,80,0,0
Darren Randolph,GK,Bournemouth,80,0,0
Darren Randolph,GK,Bournemouth,80,0,0
Joe Rothwell,MID,Bournemouth,81,0.07,2
Joe Rothwell,MID,Bournemouth,81,0.01,2
Joe Rothwell,MID,Bournemouth,81,0.02,1
Antoine Semenyo,FWD,Bournemouth,82,0.08,4
Antoine Semenyo,FWD,Bournemouth,82,0.28,6
Antoine Semenyo,FWD,Bournemouth,82,0.19,2
Marcos Senesi,DEF,Bournemouth,83,0.02,1
Marcos Senesi,DEF,Bournemouth,83,0.06,1
Marcos Senesi,DEF,Bournemouth,83,0,0
Adam Smith,DEF,Bournemouth,84,0,0
Adam Smith,DEF,Bournemouth,84,0,0
Adam Smith,DEF,Bournemouth,84,0,0
Dominic Solanke,FWD,Bournemouth,85,1.12,7
Dominic Solanke,FWD,Bournemouth,85,0.16,5
Dominic Solanke,FWD,Bournemouth,85,0.11,2
Marcus Tavernier,MID,Bournemouth,86,0,0
Marcus Tavernier,MID,Bournemouth,86,0,0
Marcus Tavernier,MID,Bournemouth,86,0,0
Hamed Traorè,MID,Bournemouth,87,0,0
Hamed Traorè,MID,Bournemouth,87,0.15,1
Hamed Traorè,MID,Bournemouth,87,0.01,1
Mark Travers,GK,Bournemouth,88,0,0
Mark Travers,GK,Bournemouth,88,0,0
Mark Travers,GK,Bournemouth,88,0,0
Illia Zabarnyi,DEF,Bournemouth,89,0.01,2
Illia Zabarnyi,DEF,Bournemouth,89,0,1
Illia Zabarnyi,DEF,Bournemouth,89,0.02,1
Kristoffer Ajer,DEF,Brentford,90,0.01,1
Kristoffer Ajer,DEF,Brentford,90,0.7,4
Kristoffer Ajer,DEF,Brentford,90,0,0
Ellery Balcombe,GK,Brentford,91,0,0
Ellery Balcombe,GK,Brentford,91,0,0
Ellery Balcombe,GK,Brentford,91,0,0
Shandon Baptiste,MID,Brentford,92,0.01,1
Shandon Baptiste,MID,Brentford,92,0,0
Shandon Baptiste,MID,Brentford,92,0,0
Mads Bech Sørensen,DEF,Brentford,93,0,0
Mads Bech Sørensen,DEF,Brentford,93,0,0
Mads Bech Sørensen,DEF,Brentford,93,0,0
Mads Bidstrup,MID,Brentford,94,0,0
Mads Bidstrup,MID,Brentford,94,0,0
Mads Bidstrup,MID,Brentford,94,0,0
Sergi Canós Tenés,MID,Brentford,95,0,0
Sergi Canós Tenés,MID,Brentford,95,0,0
Sergi Canós Tenés,MID,Brentford,95,0,0
Nathan Collins,DEF,Brentford,96,0.01,1
Nathan Collins,DEF,Brentford,96,0.28,6
Nathan Collins,DEF,Brentford,96,0.12,2
Matthew Cox,GK,Brentford,97,0,0
Matthew Cox,GK,Brentford,97,0,0
Matthew Cox,GK,Brentford,97,0,0
Mikkel Damsgaard,MID,Brentford,98,0.08,1
Mikkel Damsgaard,MID,Brentford,98,0,1
Mikkel Damsgaard,MID,Brentford,98,0,0
Josh Dasilva,MID,Brentford,99,0,0
Josh Dasilva,MID,Brentford,99,0,1
Josh Dasilva,MID,Brentford,99,0,0
Halil Dervişoğlu,FWD,Brentford,100,0,0
Halil Dervişoğlu,FWD,Brentford,100,0,0
Halil Dervişoğlu,FWD,Brentford,100,0,0
Mark Flekken,GK,Brentford,101,0,2
Mark Flekken,GK,Brentford,101,0,6
Mark Flekken,GK,Brentford,101,0,4
Charlie Goode,DEF,Brentford,102,0,0
Charlie Goode,DEF,Brentford,102,0,0
Charlie Goode,DEF,Brentford,102,0,0
Rico Henry,DEF,Brentford,103,0.74,4
Rico Henry,DEF,Brentford,103,0.09,5
Rico Henry,DEF,Brentford,103,0.09,2
Aaron Hickey,DEF,Brentford,104,0.11,0
Aaron Hickey,DEF,Brentford,104,0.01,5
Aaron Hickey,DEF,Brentford,104,0.01,2
Vitaly Janelt,MID,Brentford,105,0.03,2
Vitaly Janelt,MID,Brentford,105,0.15,3
Vitaly Janelt,MID,Brentford,105,0.06,2
Mathias Jensen,MID,Brentford,106,0.03,4
Mathias Jensen,MID,Brentford,106,0.75,3
Mathias Jensen,MID,Brentford,106,0.07,3
Keane Lewis-Potter,MID,Brentford,107,0,0
Keane Lewis-Potter,MID,Brentford,107,0.23,1
Keane Lewis-Potter,MID,Brentford,107,0,1
Bryan Mbeumo,MID,Brentford,108,1.38,7
Bryan Mbeumo,MID,Brentford,108,2.03,16
Bryan Mbeumo,MID,Brentford,108,0.29,2
Ben Mee,DEF,Brentford,109,0,0
Ben Mee,DEF,Brentford,109,0,0
Ben Mee,DEF,Brentford,109,0,0
Christian Nørgaard,MID,Brentford,110,0.01,2
Christian Nørgaard,MID,Brentford,110,0.04,3
Christian Nørgaard,MID,Brentford,110,0.13,5
Frank Onyeka,MID,Brentford,111,0,0
Frank Onyeka,MID,Brentford,111,0,0
Frank Onyeka,MID,Brentford,111,0.24,1
Ethan Pinnock,DEF,Brentford,112,0,1
Ethan Pinnock,DEF,Brentford,112,0.26,7
Ethan Pinnock,DEF,Brentford,112,0.2,2
David Raya Martin,GK,Brentford,113,0,0
David Raya Martin,GK,Arsenal,113,0,0
David Raya Martin,GK,Arsenal,113,0,0
Mads Roerslev Rasmussen,DEF,Brentford,114,0.03,1
Mads Roerslev Rasmussen,DEF,Brentford,114,0,1
Mads Roerslev Rasmussen,DEF,Brentford,114,0,0
Kevin Schade,MID,Brentford,115,0.27,1
Kevin Schade,MID,Brentford,115,0.05,3
Kevin Schade,MID,Brentford,115,0.22,9
Thomas Strakosha,GK,Brentford,116,0,0
Thomas Strakosha,GK,Brentford,116,0,0
Thomas Strakosha,GK,Brentford,116,0,0
Ivan Toney,FWD,Brentford,117,0,0
Ivan Toney,FWD,Brentford,117,0,0
Ivan Toney,FWD,Brentford,117,0,0
Ryan Trevitt,MID,Brentford,118,0,0
Ryan Trevitt,MID,Brentford,118,0,0
Ryan Trevitt,MID,Brentford,118,0,0
Yoane Wissa,FWD,Brentford,119,0.29,9
Yoane Wissa,FWD,Brentford,119,1.45,11
Yoane Wissa,FWD,Brentford,119,0.27,2
Yegor Yarmolyuk,MID,Brentford,120,0,0
Yegor Yarmolyuk,MID,Brentford,120,0,0
Yegor Yarmolyuk,MID,Brentford,120,0,0
Mathias Jorgensen,DEF,Brentford,121,0.11,1
Mathias Jorgensen,DEF,Brentford,121,0,0
Mathias Jorgensen,DEF,Brentford,121,0,0
Simon Adingra,MID,Brighton,122,0.26,6
Simon Adingra,MID,Brighton,122,0,0
Simon Adingra,MID,Brighton,122,0.02,1
Steven Alzate,MID,Brighton,123,0,0
Steven Alzate,MID,Brighton,123,0,0
Steven Alzate,MID,Brighton,123,0,0
Yasin Ayari,MID,Brighton,124,0,0
Yasin Ayari,MID,Brighton,124,0,0
Yasin Ayari,MID,Brighton,124,0,0
Facundo Buonanotte,MID,Brighton,125,0,0
Facundo Buonanotte,MID,Brighton,125,0,0
Facundo Buonanotte,MID,Brighton,125,0,0
Moisés Caicedo Corozo,MID,Brighton,126,0,0
Moisés Caicedo Corozo,MID,Chelsea,126,0.06,1
Moisés Caicedo Corozo,MID,Chelsea,126,0.03,3
Aaron Connolly,FWD,Brighton,127,0,0
Aaron Connolly,FWD,Brighton,127,0,0
Aaron Connolly,FWD,Brighton,127,0,0
Mahmoud Dahoud,MID,Brighton,128,0.15,3
Mahmoud Dahoud,MID,Brighton,128,0.02,1
Mahmoud Dahoud,MID,Brighton,128,0,0
Lewis Dunk,DEF,Brighton,129,0.71,2
Lewis Dunk,DEF,Brighton,129,0,2
Lewis Dunk,DEF,Brighton,129,0.24,1
Julio Enciso,MID,Brighton,130,0,1
Julio Enciso,MID,Brighton,130,0.78,7
Julio Enciso,MID,Brighton,130,0,0
Pervis Estupiñán,DEF,Brighton,131,0.97,7
Pervis Estupiñán,DEF,Brighton,131,0.3,11
Pervis Estupiñán,DEF,Brighton,131,0.17,1
Evan Ferguson,FWD,Brighton,132,0.92,5
Evan Ferguson,FWD,Brighton,132,0.1,1
Evan Ferguson,FWD,Brighton,132,0.71,2
Billy Gilmour,MID,Brighton,133,0.07,1
Billy Gilmour,MID,Brighton,133,0.03,2
Billy Gilmour,MID,Brighton,133,0.47,1
Pascal Groß,MID,Brighton,134,0.96,2
Pascal Groß,MID,Brighton,134,0.17,1
Pascal Groß,MID,Brighton,134,0.46,10
João Pedro Junqueira de Jesus,FWD,Brighton,135,1.33,7
João Pedro Junqueira de Jesus,FWD,Brighton,135,0.17,0
João Pedro Junqueira de Jesus,FWD,Brighton,135,0.16,1
Michał Karbownik,DEF,Brighton,136,0,0
Michał Karbownik,DEF,Brighton,136,0,0
Michał Karbownik,DEF,Brighton,136,0,0
Kacper Kozłowski,MID,Brighton,137,0,0
Kacper Kozłowski,MID,Brighton,137,0,0
Kacper Kozłowski,MID,Brighton,137,0,0
Adam Lallana,MID,Brighton,138,0,0
Adam Lallana,MID,Brighton,138,0.01,1
Adam Lallana,MID,Brighton,138,0.04,1
Tariq Lamptey,DEF,Brighton,139,0,0
Tariq Lamptey,DEF,Brighton,139,0,0
Tariq Lamptey,DEF,Brighton,139,0,0
Solly March,MID,Brighton,140,0.57,9
Solly March,MID,Brighton,140,1.01,15
Solly March,MID,Brighton,140,0.25,2
Tom McGill,GK,Brighton,141,0,0
Tom McGill,GK,Brighton,141,0,0
Tom McGill,GK,Brighton,141,0,0
James Milner,MID,Brighton,142,0.02,3
James Milner,MID,Brighton,142,0.13,0
James Milner,MID,Brighton,142,0.11,2
Kaoru Mitoma,MID,Brighton,143,0.64,5
Kaoru Mitoma,MID,Brighton,143,1.2,12
Kaoru Mitoma,MID,Brighton,143,0.45,1
Jakub Moder,MID,Brighton,144,0,0
Jakub Moder,MID,Brighton,144,0,0
Jakub Moder,MID,Brighton,144,0,0
Robert Sánchez,GK,Chelsea,145,0,2
Robert Sánchez,GK,Chelsea,145,0,2
Robert Sánchez,GK,Chelsea,145,0,6
Jeremy Sarmiento Morante,MID,Brighton,146,0,0
Jeremy Sarmiento Morante,MID,Brighton,146,0,0
Jeremy Sarmiento Morante,MID,Brighton,146,0,0
Kjell Scherpen,GK,Brighton,147,0,0
Kjell Scherpen,GK,Brighton,147,0,0
Kjell Scherpen,GK,Brighton,147,0,0
Jason Steele,GK,Brighton,148,0,2
Jason Steele,GK,Brighton,148,0,3
Jason Steele,GK,Brighton,148,0,0
Deniz Undav,FWD,Brighton,149,0,0
Deniz Undav,FWD,Brighton,149,0,0
Deniz Undav,FWD,Brighton,149,0,0
Jan Paul van Hecke,DEF,Brighton,150,0.02,2
Jan Paul van Hecke,DEF,Brighton,150,0,0
Jan Paul van Hecke,DEF,Brighton,150,0,0
Joël Veltman,DEF,Brighton,151,0,1
Joël Veltman,DEF,Brighton,151,0,1
Joël Veltman,DEF,Brighton,151,0.09,4
Bart Verbruggen,GK,Brighton,152,0,0
Bart Verbruggen,GK,Brighton,152,0,0
Bart Verbruggen,GK,Brighton,152,0,2
Adam Webster,DEF,Brighton,153,0,0
Adam Webster,DEF,Brighton,153,0.01,1
Adam Webster,DEF,Brighton,153,0.05,1
Danny Welbeck,FWD,Brighton,154,0.41,2
Danny Welbeck,FWD,Brighton,154,0.21,1
Danny Welbeck,FWD,Brighton,154,0.23,1
Andi Zeqiri,FWD,Brighton,155,0,0
Andi Zeqiri,FWD,Brighton,155,0,0
Andi Zeqiri,FWD,Brighton,155,0,0
Enock Agyei,MID,Burnley,156,0,0
Enock Agyei,MID,Burnley,156,0,0
Ameen Al-Dakhil,DEF,Burnley,157,0.01,1
Ameen Al-Dakhil,DEF,Burnley,157,0.18,1
Samuel Bastien,MID,Burnley,158,0,0
Samuel Bastien,MID,Burnley,158,0,0
Manuel Benson Hedilazio,MID,Burnley,159,0,1
Manuel Benson Hedilazio,MID,Burnley,159,0,1
Jordan Beyer,DEF,Burnley,160,0,1
Jordan Beyer,DEF,Burnley,160,0,0
Josh Brownhill,MID,Burnley,161,0,1
Josh Brownhill,MID,Burnley,161,0,0
Darko Churlinov,MID,Burnley,162,0,0
Darko Churlinov,MID,Burnley,162,0,0
Jack Cork,MID,Burnley,163,0,0
Jack Cork,MID,Burnley,163,0,0
Dara Costelloe,MID,Burnley,164,0,0
Dara Costelloe,MID,Burnley,164,0,0
Josh Cullen,MID,Burnley,165,0.01,2
Josh Cullen,MID,Burnley,165,0.32,1
CJ Egan-Riley,DEF,Burnley,166,0,0
CJ Egan-Riley,DEF,Burnley,166,0,0
Hjalmar Ekdal,DEF,Burnley,167,0,0
Hjalmar Ekdal,DEF,Burnley,167,0,0
Lyle Foster,FWD,Burnley,168,0.18,2
Lyle Foster,FWD,Burnley,168,0.13,7
Denis Franchi,GK,Burnley,169,0,0
Denis Franchi,GK,Burnley,169,0,0
Jóhann Berg Gudmundsson,MID,Burnley,170,0,0
Jóhann Berg Gudmundsson,MID,Burnley,170,0.11,4
Luke McNally,DEF,Burnley,171,0,0
Luke McNally,DEF,Burnley,171,0,0
Arijanet Muric,GK,Burnley,172,0,0
Arijanet Muric,GK,Burnley,172,0,0
Dara O'Shea,DEF,Burnley,173,0,1
Dara O'Shea,DEF,Burnley,173,0.02,1
Michael Obafemi,FWD,Burnley,174,0,0
Michael Obafemi,FWD,Burnley,174,0,0
Bailey Peacock-Farrell,GK,Burnley,175,0,0
Bailey Peacock-Farrell,GK,Burnley,175,0,0
Connor Roberts,DEF,Burnley,176,0.01,1
Connor Roberts,DEF,Burnley,176,0.12,1
Jay Rodriguez,FWD,Burnley,177,0,0
Jay Rodriguez,FWD,Burnley,177,0.45,1
Charlie Taylor,DEF,Burnley,178,0,0
Charlie Taylor,DEF,Burnley,178,0,0
Bobby Thomas,DEF,Burnley,179,0,0
Bobby Thomas,DEF,Burnley,179,0,0
Scott Twine,MID,Burnley,180,0,0
Scott Twine,MID,Burnley,180,0,0
Lawrence Vigouroux,GK,Burnley,181,0,0
Lawrence Vigouroux,GK,Burnley,181,0,0
Victor da Silva,DEF,Burnley,182,0.03,1
Victor da Silva,DEF,Burnley,182,0,0
Wout Weghorst,FWD,Burnley,183,0,0
Wout Weghorst,FWD,Burnley,183,0,0
Anass Zaroury,MID,Burnley,184,0.1,-2
Anass Zaroury,MID,Burnley,184,0,0
Ethan Ampadu,DEF,Chelsea,185,0,0
Ethan Ampadu,DEF,Chelsea,185,0,0
Ethan Ampadu,DEF,Chelsea,185,0,0
Andrey Nascimento dos Santos,MID,Chelsea,186,0,0
Andrey Nascimento dos Santos,MID,Chelsea,186,0,0
Andrey Nascimento dos Santos,MID,Chelsea,186,0,0
Kepa Arrizabalaga,GK,Chelsea,187,0,0
Kepa Arrizabalaga,GK,Chelsea,187,0,0
Kepa Arrizabalaga,GK,Chelsea,187,0,0
Pierre-Emerick Aubameyang,FWD,Chelsea,188,0,0
Pierre-Emerick Aubameyang,FWD,Chelsea,188,0,0
Pierre-Emerick Aubameyang,FWD,Chelsea,188,0,0
César Azpilicueta,DEF,Chelsea,189,0,0
César Azpilicueta,DEF,Chelsea,189,0,0
César Azpilicueta,DEF,Chelsea,189,0,0
Abdul Rahman Baba,DEF,Chelsea,190,0,0
Abdul Rahman Baba,DEF,Chelsea,190,0,0
Abdul Rahman Baba,DEF,Chelsea,190,0,0
Benoît Badiashile,DEF,Chelsea,191,0,0
Benoît Badiashile,DEF,Chelsea,191,0,0
Benoît Badiashile,DEF,Chelsea,191,0,0
Marcus Bettinelli,GK,Chelsea,192,0,0
Marcus Bettinelli,GK,Chelsea,192,0,0
Marcus Bettinelli,GK,Chelsea,192,0,0
Armando Broja,FWD,Chelsea,193,0,0
Armando Broja,FWD,Chelsea,193,0,0
Armando Broja,FWD,Chelsea,193,0,0
Trevoh Chalobah,DEF,Chelsea,194,0,0
Trevoh Chalobah,DEF,Chelsea,194,0,0
Trevoh Chalobah,DEF,Chelsea,194,0,0
Ben Chilwell,DEF,Chelsea,195,0.34,7
Ben Chilwell,DEF,Chelsea,195,0.7,1
Ben Chilwell,DEF,Chelsea,195,0.37,6
Carney Chukwuemeka,MID,Chelsea,196,0.15,1
Carney Chukwuemeka,MID,Chelsea,196,0.12,5
Carney Chukwuemeka,MID,Chelsea,196,0,0
Levi Colwill,DEF,Chelsea,197,0.09,2
Levi Colwill,DEF,Chelsea,197,0.15,1
Levi Colwill,DEF,Chelsea,197,0.26,6
Marc Cucurella Saseta,DEF,Chelsea,198,0,0
Marc Cucurella Saseta,DEF,Chelsea,198,0,0
Marc Cucurella Saseta,DEF,Chelsea,198,0,0
Enzo Fernández,MID,Chelsea,199,0.17,1
Enzo Fernández,MID,Chelsea,199,1.17,0
Enzo Fernández,MID,Chelsea,199,0.55,2
David Datro Fofana,FWD,Chelsea,200,0,0
David Datro Fofana,FWD,Chelsea,200,0,0
David Datro Fofana,FWD,Chelsea,200,0,0
Wesley Fofana,DEF,Chelsea,201,0,0
Wesley Fofana,DEF,Chelsea,201,0,0
Wesley Fofana,DEF,Chelsea,201,0,0
Conor Gallagher,MID,Chelsea,202,0.02,2
Conor Gallagher,MID,Chelsea,202,0.16,2
Conor Gallagher,MID,Chelsea,202,0.39,3
Malo Gusto,DEF,Chelsea,203,0.01,1
Malo Gusto,DEF,Chelsea,203,0.1,1
Malo Gusto,DEF,Chelsea,203,0.17,14
Lewis Hall,DEF,Chelsea,204,0,0
Lewis Hall,DEF,Chelsea,204,0,0
Lewis Hall,DEF,Newcastle,204,0,0
Callum Hudson-Odoi,MID,Chelsea,205,0,0
Callum Hudson-Odoi,MID,Chelsea,205,0,0
Callum Hudson-Odoi,MID,Chelsea,205,0,0
Reece James,DEF,Chelsea,206,0.45,2
Reece James,DEF,Chelsea,206,0,0
Reece James,DEF,Chelsea,206,0,0
Romelu Lukaku Bolingoli,FWD,Chelsea,207,0,0
Romelu Lukaku Bolingoli,FWD,Chelsea,207,0,0
Romelu Lukaku Bolingoli,FWD,Chelsea,207,0,0
Noni Madueke,MID,Chelsea,208,0,0
Noni Madueke,MID,Chelsea,208,0.07,1
Noni Madueke,MID,Chelsea,208,0,0
Mason Mount,MID,Man Utd,209,0.02,3
Mason Mount,MID,Man Utd,209,0.03,2
Mason Mount,MID,Man Utd,209,0,0
Mykhailo Mudryk,MID,Chelsea,210,0.01,1
Mykhailo Mudryk,MID,Chelsea,210,0.23,1
Mykhailo Mudryk,MID,Chelsea,210,0,0
Nicolas Jackson,FWD,Chelsea,211,0.54,1
Nicolas Jackson,FWD,Chelsea,211,0.83,1
Nicolas Jackson,FWD,Chelsea,211,0.89,7
Christopher Nkunku,FWD,Chelsea,212,0,0
Christopher Nkunku,FWD,Chelsea,212,0,0
Christopher Nkunku,FWD,Chelsea,212,0,0
Christian Pulisic,MID,Chelsea,213,0,0
Christian Pulisic,MID,Chelsea,213,0,0
Christian Pulisic,MID,Chelsea,213,0,0
Malang Sarr,DEF,Chelsea,214,0,0
Malang Sarr,DEF,Chelsea,214,0,0
Malang Sarr,DEF,Chelsea,214,0,0
Gabriel Słonina,GK,Chelsea,215,0,0
Gabriel Słonina,GK,Chelsea,215,0,0
Gabriel Słonina,GK,Chelsea,215,0,0
Raheem Sterling,MID,Chelsea,216,0.09,2
Raheem Sterling,MID,Chelsea,216,0.29,2
Raheem Sterling,MID,Chelsea,216,1,19
Thiago Emiliano da Silva,DEF,Chelsea,217,0.07,2
Thiago Emiliano da Silva,DEF,Chelsea,217,0.08,1
Thiago Emiliano da Silva,DEF,Chelsea,217,0.01,6
Hakim Ziyech,MID,Chelsea,218,0,0
Hakim Ziyech,MID,Chelsea,218,0,0
Hakim Ziyech,MID,Chelsea,218,0,0
Naouirou Ahamada,MID,Crystal Palace,219,0,0
Naouirou Ahamada,MID,Crystal Palace,219,0.02,1
Naouirou Ahamada,MID,Crystal Palace,219,0,1
Joachim Andersen,DEF,Crystal Palace,220,0.26,9
Joachim Andersen,DEF,Crystal Palace,220,0.02,2
Joachim Andersen,DEF,Crystal Palace,220,0.18,11
Jordan Ayew,MID,Crystal Palace,221,0.45,6
Jordan Ayew,MID,Crystal Palace,221,0.21,1
Jordan Ayew,MID,Crystal Palace,221,0.25,5
Nathaniel Clyne,DEF,Crystal Palace,222,0,0
Nathaniel Clyne,DEF,Crystal Palace,222,0,0
Nathaniel Clyne,DEF,Crystal Palace,222,0,0
Cheick Doucouré,MID,Crystal Palace,223,0.04,3
Cheick Doucouré,MID,Crystal Palace,223,0.21,1
Cheick Doucouré,MID,Crystal Palace,223,0.04,2
Malcolm Ebiowei,MID,Crystal Palace,224,0,0
Malcolm Ebiowei,MID,Crystal Palace,224,0,0
Malcolm Ebiowei,MID,Crystal Palace,224,0,0
Odsonne Edouard,FWD,Crystal Palace,225,1.26,7
Odsonne Edouard,FWD,Crystal Palace,225,0.54,2
Odsonne Edouard,FWD,Crystal Palace,225,0.1,2
Eberechi Eze,MID,Crystal Palace,226,1.09,3
Eberechi Eze,MID,Crystal Palace,226,0.4,2
Eberechi Eze,MID,Crystal Palace,226,0.42,2
Vicente Guaita,GK,Crystal Palace,227,0,0
Vicente Guaita,GK,Crystal Palace,227,0,0
Vicente Guaita,GK,Crystal Palace,227,0,0
Marc Guéhi,DEF,Crystal Palace,228,0.05,6
Marc Guéhi,DEF,Crystal Palace,228,0.06,2
Marc Guéhi,DEF,Crystal Palace,228,0.01,2
Will Hughes,MID,Crystal Palace,229,0,0
Will Hughes,MID,Crystal Palace,229,0,0
Will Hughes,MID,Crystal Palace,229,0,0
Sam Johnstone,GK,Crystal Palace,230,0,6
Sam Johnstone,GK,Crystal Palace,230,0,2
Sam Johnstone,GK,Crystal Palace,230,0,2
Jefferson Lerma Solís,MID,Crystal Palace,231,0.04,3
Jefferson Lerma Solís,MID,Crystal Palace,231,0.13,2
Jefferson Lerma Solís,MID,Crystal Palace,231,0.13,2
Jean-Philippe Mateta,FWD,Crystal Palace,232,0,0
Jean-Philippe Mateta,FWD,Crystal Palace,232,0,0
Jean-Philippe Mateta,FWD,Crystal Palace,232,0.01,1
Remi Matthews,GK,Crystal Palace,233,0,0
Remi Matthews,GK,Crystal Palace,233,0,0
Remi Matthews,GK,Crystal Palace,233,0,0
Tyrick Mitchell,DEF,Crystal Palace,234,0.02,8
Tyrick Mitchell,DEF,Crystal Palace,234,0.16,2
Tyrick Mitchell,DEF,Crystal Palace,234,0.03,2
Jake O'Brien,DEF,Crystal Palace,235,0,0
Jake O'Brien,DEF,Crystal Palace,235,0,0
Jake O'Brien,DEF,Crystal Palace,235,0,0
Michael Olise,MID,Crystal Palace,236,0,0
Michael Olise,MID,Crystal Palace,236,0,0
Michael Olise,MID,Crystal Palace,236,0,0
Luke Plange,FWD,Crystal Palace,237,0,0
Luke Plange,FWD,Crystal Palace,237,0,0
Luke Plange,FWD,Crystal Palace,237,0,0
Chris Richards,DEF,Crystal Palace,238,0,0
Chris Richards,DEF,Crystal Palace,238,0,0
Chris Richards,DEF,Crystal Palace,238,0,0
Jairo Riedewald,MID,Crystal Palace,239,0,0
Jairo Riedewald,MID,Crystal Palace,239,0,0
Jairo Riedewald,MID,Crystal Palace,239,0,0
Jeffrey Schlupp,MID,Crystal Palace,240,0.14,3
Jeffrey Schlupp,MID,Crystal Palace,240,0.02,2
Jeffrey Schlupp,MID,Crystal Palace,240,0.04,2
James Tomkins,DEF,Crystal Palace,241,0,1
James Tomkins,DEF,Crystal Palace,241,0,0
James Tomkins,DEF,Crystal Palace,241,0,0
Joel Ward,DEF,Crystal Palace,242,0.02,6
Joel Ward,DEF,Crystal Palace,242,0,2
Joel Ward,DEF,Crystal Palace,242,0.02,2
Joe Whitworth,GK,Crystal Palace,243,0,0
Joe Whitworth,GK,Crystal Palace,243,0,0
Joe Whitworth,GK,Crystal Palace,243,0,0
André Tavares Gomes,MID,Everton,244,0,0
André Tavares Gomes,MID,Everton,244,0,0
André Tavares Gomes,MID,Everton,244,0,0
Jarrad Branthwaite,DEF,Everton,245,0,0
Jarrad Branthwaite,DEF,Everton,245,0,0
Jarrad Branthwaite,DEF,Everton,245,0.39,1
Dominic Calvert-Lewin,FWD,Everton,246,0,0
Dominic Calvert-Lewin,FWD,Everton,246,0,1
Dominic Calvert-Lewin,FWD,Everton,246,0,0
Seamus Coleman,DEF,Everton,247,0,0
Seamus Coleman,DEF,Everton,247,0,0
Seamus Coleman,DEF,Everton,247,0,0
Dele Alli,MID,Everton,248,0,0
Dele Alli,MID,Everton,248,0,0
Dele Alli,MID,Everton,248,0,0
Abdoulaye Doucouré,MID,Everton,249,0.66,2
Abdoulaye Doucouré,MID,Everton,249,0.12,2
Abdoulaye Doucouré,MID,Everton,249,0.31,2
James Garner,MID,Everton,250,0.01,2
James Garner,MID,Everton,250,0.17,2
James Garner,MID,Everton,250,0.28,1
Jean-Philippe Gbamin,MID,Everton,251,0,0
Jean-Philippe Gbamin,MID,Everton,251,0,0
Jean-Philippe Gbamin,MID,Everton,251,0,0
Ben Godfrey,DEF,Everton,252,0,0
Ben Godfrey,DEF,Everton,252,0,0
Ben Godfrey,DEF,Everton,252,0,0
Demarai Gray,MID,Everton,253,0,0
Demarai Gray,MID,Everton,253,0,0
Demarai Gray,MID,Everton,253,0,0
Idrissa Gueye,MID,Everton,254,0.09,2
Idrissa Gueye,MID,Everton,254,0,0
Idrissa Gueye,MID,Everton,254,0.04,2
Mason Holgate,DEF,Everton,255,0,0
Mason Holgate,DEF,Everton,255,0,0
Mason Holgate,DEF,Everton,255,0,0
Alex Iwobi,MID,Everton,256,0.6,2
Alex Iwobi,MID,Everton,256,0.07,1
Alex Iwobi,MID,Everton,256,0,0
Michael Keane,DEF,Everton,257,0.06,2
Michael Keane,DEF,Everton,257,0.01,-1
Michael Keane,DEF,Everton,257,0,1
Neal Maupay,FWD,Everton,258,1.35,2
Neal Maupay,FWD,Everton,258,0.17,1
Neal Maupay,FWD,Everton,258,0,0
Dwight McNeil,MID,Everton,259,0,0
Dwight McNeil,MID,Everton,259,0,0
Dwight McNeil,MID,Everton,259,0,0
Vitalii Mykolenko,DEF,Everton,260,0,0
Vitalii Mykolenko,DEF,Everton,260,0,0
Vitalii Mykolenko,DEF,Everton,260,0,0
Amadou Onana,MID,Everton,261,0.43,2
Amadou Onana,MID,Everton,261,0.02,2
Amadou Onana,MID,Everton,261,0.25,2
Nathan Patterson,DEF,Everton,262,0.32,2
Nathan Patterson,DEF,Everton,262,0.1,-1
Nathan Patterson,DEF,Everton,262,0.05,2
Jordan Pickford,GK,Everton,263,0.01,2
Jordan Pickford,GK,Everton,263,0,0
Jordan Pickford,GK,Everton,263,0.01,2
Ellis Simms,FWD,Everton,264,0,0
Ellis Simms,FWD,Everton,264,0,0
Ellis Simms,FWD,Everton,264,0,0
James Tarkowski,DEF,Everton,265,0.07,2
James Tarkowski,DEF,Everton,265,0.22,0
James Tarkowski,DEF,Everton,265,0.15,2
João Neves Virgínia,GK,Everton,266,0,0
João Neves Virgínia,GK,Everton,266,0,0
João Neves Virgínia,GK,Everton,266,0,0
Andreas Hoelgebaum Pereira,MID,Fulham,267,0,4
Andreas Hoelgebaum Pereira,MID,Fulham,267,0.03,2
Andreas Hoelgebaum Pereira,MID,Fulham,267,0.02,8
Tom Cairney,MID,Fulham,268,0.12,1
Tom Cairney,MID,Fulham,268,0,0
Tom Cairney,MID,Fulham,268,0,1
Ivan Neves Abreu Cavaleiro,MID,Fulham,269,0,0
Ivan Neves Abreu Cavaleiro,MID,Fulham,269,0,0
Ivan Neves Abreu Cavaleiro,MID,Fulham,269,0,0
Bobby De Cordova-Reid,MID,Fulham,270,1.13,6
Bobby De Cordova-Reid,MID,Fulham,270,0.16,2
Bobby De Cordova-Reid,MID,Fulham,270,0.03,2
Issa Diop,DEF,Fulham,271,0.01,8
Issa Diop,DEF,Fulham,271,0.14,1
Issa Diop,DEF,Fulham,271,0.18,1
Tyrese Francois,MID,Fulham,272,0,0
Tyrese Francois,MID,Fulham,272,0,0
Tyrese Francois,MID,Fulham,272,0,0
Anthony Knockaert,MID,Fulham,273,0,0
Anthony Knockaert,MID,Fulham,273,0,0
Anthony Knockaert,MID,Fulham,273,0,0
Terence Kongolo,DEF,Fulham,274,0,0
Terence Kongolo,DEF,Fulham,274,0,0
Terence Kongolo,DEF,Fulham,274,0,0
Bernd Leno,GK,Fulham,275,0,12
Bernd Leno,GK,Fulham,275,0,2
Bernd Leno,GK,Fulham,275,0,5
Saša Lukić,MID,Fulham,276,0.03,3
Saša Lukić,MID,Fulham,276,0.05,2
Saša Lukić,MID,Fulham,276,0.02,1
Kevin Mbabu,DEF,Fulham,277,0,0
Kevin Mbabu,DEF,Fulham,277,0,0
Kevin Mbabu,DEF,Fulham,277,0,0
Aleksandar Mitrović,FWD,Fulham,278,0.18,1
Aleksandar Mitrović,FWD,Fulham,278,0,0
Aleksandar Mitrović,FWD,Fulham,278,0,0
Rodrigo Muniz Carvalho,FWD,Fulham,279,0,0
Rodrigo Muniz Carvalho,FWD,Fulham,279,0,1
Rodrigo Muniz Carvalho,FWD,Fulham,279,0,0
João Palhinha Gonçalves,MID,Fulham,280,0,0
João Palhinha Gonçalves,MID,Fulham,280,0.01,0
João Palhinha Gonçalves,MID,Fulham,280,0.18,10
Tim Ream,DEF,Fulham,281,0,7
Tim Ream,DEF,Fulham,281,0.01,-2
Tim Ream,DEF,Fulham,281,0,0
Harrison Reed,MID,Fulham,282,0.08,3
Harrison Reed,MID,Fulham,282,0.08,1
Harrison Reed,MID,Fulham,282,0.03,4
Antonee Robinson,DEF,Fulham,283,0.01,6
Antonee Robinson,DEF,Fulham,283,0.03,1
Antonee Robinson,DEF,Fulham,283,0.08,1
Marek Rodák,GK,Fulham,284,0,0
Marek Rodák,GK,Fulham,284,0,0
Marek Rodák,GK,Fulham,284,0,-1
Kenny Tete,DEF,Fulham,285,0.02,5
Kenny Tete,DEF,Fulham,285,0.07,1
Kenny Tete,DEF,Fulham,285,0,0
Tosin Adarabioyo,DEF,Fulham,286,0,0
Tosin Adarabioyo,DEF,Fulham,286,0,0
Tosin Adarabioyo,DEF,Fulham,286,0,1
Carlos Vinícius Alves Morais,FWD,Fulham,287,0,0
Carlos Vinícius Alves Morais,FWD,Fulham,287,0,0
Carlos Vinícius Alves Morais,FWD,Fulham,287,0,0
Harry Wilson,MID,Fulham,288,0.27,3
Harry Wilson,MID,Fulham,288,0.19,2
Harry Wilson,MID,Fulham,288,0.03,2
Adrián San Miguel del Castillo,GK,Liverpool,289,0,0
Adrián San Miguel del Castillo,GK,Liverpool,289,0,0
Adrián San Miguel del Castillo,GK,Liverpool,289,0,0
Trent Alexander-Arnold,DEF,Liverpool,290,0.02,1
Trent Alexander-Arnold,DEF,Liverpool,290,0.25,2
Trent Alexander-Arnold,DEF,Liverpool,290,0.22,1
Alisson Ramses Becker,GK,Liverpool,291,0,3
Alisson Ramses Becker,GK,Liverpool,291,0,2
Alisson Ramses Becker,GK,Liverpool,291,0,5
Stefan Bajcetic,MID,Liverpool,292,0,0
Stefan Bajcetic,MID,Liverpool,292,0,0
Stefan Bajcetic,MID,Liverpool,292,0,0
Darwin Núñez Ribeiro,FWD,Liverpool,293,0.06,1
Darwin Núñez Ribeiro,FWD,Liverpool,293,0,1
Darwin Núñez Ribeiro,FWD,Liverpool,293,0.61,11
Diogo Teixeira da Silva,MID,Liverpool,294,0.08,1
Diogo Teixeira da Silva,MID,Liverpool,294,0.81,12
Diogo Teixeira da Silva,MID,Liverpool,294,0.14,4
Harvey Elliott,MID,Liverpool,295,0.01,1
Harvey Elliott,MID,Liverpool,295,0,1
Harvey Elliott,MID,Liverpool,295,0.01,1
Fabio Henrique Tavares,MID,Liverpool,296,0,0
Fabio Henrique Tavares,MID,Liverpool,296,0,0
Fabio Henrique Tavares,MID,Liverpool,296,0,0
Cody Gakpo,FWD,Liverpool,297,0.05,2
Cody Gakpo,FWD,Liverpool,297,0.28,2
Cody Gakpo,FWD,Liverpool,297,0,1
Joe Gomez,DEF,Liverpool,298,0,0
Joe Gomez,DEF,Liverpool,298,0,1
Joe Gomez,DEF,Liverpool,298,0.01,1
Jordan Henderson,MID,Liverpool,299,0,0
Jordan Henderson,MID,Liverpool,299,0,0
Jordan Henderson,MID,Liverpool,299,0,0
Curtis Jones,MID,Liverpool,300,0.01,1
Curtis Jones,MID,Liverpool,300,0,0
Curtis Jones,MID,Liverpool,300,0,0
Caoimhin Kelleher,GK,Liverpool,301,0,0
Caoimhin Kelleher,GK,Liverpool,301,0,0
Caoimhin Kelleher,GK,Liverpool,301,0,0
Ibrahima Konaté,DEF,Liverpool,302,0,2
Ibrahima Konaté,DEF,Liverpool,302,0.05,2
Ibrahima Konaté,DEF,Liverpool,302,0,0
Luis Díaz,MID,Liverpool,303,0.87,8
Luis Díaz,MID,Liverpool,303,0.64,7
Luis Díaz,MID,Liverpool,303,0.07,1
Alexis Mac Allister,MID,Liverpool,304,0.22,1
Alexis Mac Allister,MID,Liverpool,304,0.05,-2
Alexis Mac Allister,MID,Liverpool,304,0.01,2
Joel Matip,DEF,Liverpool,305,0,0
Joel Matip,DEF,Liverpool,305,0,0
Joel Matip,DEF,Liverpool,305,0.11,2
Nathaniel Phillips,DEF,Liverpool,306,0,0
Nathaniel Phillips,DEF,Liverpool,306,0,0
Nathaniel Phillips,DEF,Liverpool,306,0,0
Andrew Robertson,DEF,Liverpool,307,0.01,2
Andrew Robertson,DEF,Liverpool,307,0.21,2
Andrew Robertson,DEF,Liverpool,307,0.06,2
Mohamed Salah,MID,Liverpool,308,0.59,5
Mohamed Salah,MID,Liverpool,308,1.34,5
Mohamed Salah,MID,Liverpool,308,0.3,5
Dominik Szoboszlai,MID,Liverpool,309,0.12,2
Dominik Szoboszlai,MID,Liverpool,309,0.17,5
Dominik Szoboszlai,MID,Liverpool,309,0.09,2
Thiago Alcántara do Nascimento,MID,Liverpool,310,0,0
Thiago Alcántara do Nascimento,MID,Liverpool,310,0,0
Thiago Alcántara do Nascimento,MID,Liverpool,310,0,0
Konstantinos Tsimikas,DEF,Liverpool,311,0,0
Konstantinos Tsimikas,DEF,Liverpool,311,0,1
Konstantinos Tsimikas,DEF,Liverpool,311,0,0
Sepp van den Berg,DEF,Liverpool,312,0,0
Sepp van den Berg,DEF,Liverpool,312,0,0
Sepp van den Berg,DEF,Liverpool,312,0,0
Virgil van Dijk,DEF,Liverpool,313,0.05,2
Virgil van Dijk,DEF,Liverpool,313,0.23,2
Virgil van Dijk,DEF,Liverpool,313,0,-2
Elijah Adebayo,FWD,Luton,314,0.09,2
Elijah Adebayo,FWD,Luton,314,0.06,2
Mads Juel Andersen,DEF,Luton,315,0,0
Mads Juel Andersen,DEF,Luton,315,0,1
Amari'i Bell,DEF,Luton,316,0,0
Amari'i Bell,DEF,Luton,316,0.01,1
Luke Berry,MID,Luton,317,0,1
Luke Berry,MID,Luton,317,0,0
Reece Burke,DEF,Luton,318,0,0
Reece Burke,DEF,Luton,318,0.01,1
Allan Campbell,MID,Luton,319,0,0
Allan Campbell,MID,Luton,319,0,0
Jordan Clark,MID,Luton,320,0,0
Jordan Clark,MID,Luton,320,0,0
Alfie Doughty,DEF,Luton,321,0.02,0
Alfie Doughty,DEF,Luton,321,0.09,1
Luke Freeman,MID,Luton,322,0,0
Luke Freeman,MID,Luton,322,0,0
Matt Macey,GK,Luton,323,0,0
Matt Macey,GK,Luton,323,0,0
John McAtee,FWD,Luton,324,0,0
John McAtee,FWD,Luton,324,0,0
Carlos Mendes Gomes,MID,Luton,325,0,0
Carlos Mendes Gomes,MID,Luton,325,0,0
Carlton Morris,FWD,Luton,326,1.14,8
Carlton Morris,FWD,Luton,326,0.31,2
Admiral Muskwe,FWD,Luton,327,0,0
Admiral Muskwe,FWD,Luton,327,0,0
Chiedozie Ogbene,FWD,Luton,328,0,1
Chiedozie Ogbene,FWD,Luton,328,0,1
Fred Onyedinma,MID,Luton,329,0,0
Fred Onyedinma,MID,Luton,329,0,0
Gabriel Osho,DEF,Luton,330,0,0
Gabriel Osho,DEF,Luton,330,0,0
Aribim Pepple,FWD,Luton,331,0,0
Aribim Pepple,FWD,Luton,331,0,0
Dion Pereira,MID,Luton,332,0,0
Dion Pereira,MID,Luton,332,0,0
Dan Potts,DEF,Luton,333,0,0
Dan Potts,DEF,Luton,333,0,0
Glen Rea,MID,Luton,334,0,0
Glen Rea,MID,Luton,334,0,0
James Shea,GK,Luton,335,0,0
James Shea,GK,Luton,335,0,0
Joe Taylor,FWD,Luton,336,0,0
Joe Taylor,FWD,Luton,336,0,0
Elliot Thorpe,MID,Luton,337,0,0
Elliot Thorpe,MID,Luton,337,0,0
Jack Walton,GK,Luton,338,0,0
Jack Walton,GK,Luton,338,0,0
Louie Watson,MID,Luton,339,0,0
Louie Watson,MID,Luton,339,0,0
Cauley Woodrow,FWD,Luton,340,0.37,1
Cauley Woodrow,FWD,Luton,340,0,0
Manuel Akanji,DEF,Man City,341,0.01,6
Manuel Akanji,DEF,Man City,341,0.05,7
Manuel Akanji,DEF,Man City,341,0,0
Nathan Aké,DEF,Man City,342,0.32,7
Nathan Aké,DEF,Man City,342,0,0
Nathan Aké,DEF,Man City,342,0.12,2
Julián Álvarez,FWD,Man City,343,0.76,5
Julián Álvarez,FWD,Man City,343,0.13,7
Julián Álvarez,FWD,Man City,343,0.97,2
Bernardo Veiga de Carvalho e Silva,MID,Man City,344,0.03,3
Bernardo Veiga de Carvalho e Silva,MID,Man City,344,0,0
Bernardo Veiga de Carvalho e Silva,MID,Man City,344,0.76,2
Oscar Bobb,MID,Man City,345,0,0
Oscar Bobb,MID,Man City,345,0,0
Oscar Bobb,MID,Man City,345,0,0
João Cancelo,DEF,Man City,346,0,0
João Cancelo,DEF,Man City,346,0,0
João Cancelo,DEF,Man City,346,0,0
Scott Carson,GK,Man City,347,0,0
Scott Carson,GK,Man City,347,0,0
Scott Carson,GK,Man City,347,0,0
Shea Charles,MID,Man City,348,0,0
Shea Charles,MID,Man City,348,0,0
Shea Charles,MID,Man City,348,0,0
Kevin De Bruyne,MID,Man City,349,0.18,1
Kevin De Bruyne,MID,Man City,349,0,0
Kevin De Bruyne,MID,Man City,349,0,0
Rúben Gato Alves Dias,DEF,Man City,350,0,0
Rúben Gato Alves Dias,DEF,Man City,350,0.01,7
Rúben Gato Alves Dias,DEF,Man City,350,0.13,2
Tommy Doyle,MID,Man City,351,0,0
Tommy Doyle,MID,Man City,351,0,0
Tommy Doyle,MID,Man City,351,0,0
Ederson Santana de Moraes,GK,Man City,352,0.01,6
Ederson Santana de Moraes,GK,Man City,352,0.01,6
Ederson Santana de Moraes,GK,Man City,352,0,2
Phil Foden,MID,Man City,353,0.38,3
Phil Foden,MID,Man City,353,0.86,9
Phil Foden,MID,Man City,353,0.2,4
Jack Grealish,MID,Man City,354,0,0
Jack Grealish,MID,Man City,354,0.13,3
Jack Grealish,MID,Man City,354,0.76,7
Erling Haaland,FWD,Man City,355,0.65,13
Erling Haaland,FWD,Man City,355,0.45,2
Erling Haaland,FWD,Man City,355,1.94,4
Mateo Kovačić,MID,Man City,356,0.24,3
Mateo Kovačić,MID,Man City,356,0.14,3
Mateo Kovačić,MID,Man City,356,0.26,2
Aymeric Laporte,DEF,Man City,357,0.12,1
Aymeric Laporte,DEF,Man City,357,0,0
Aymeric Laporte,DEF,Man City,357,0,0
Rico Lewis,DEF,Man City,358,0.01,6
Rico Lewis,DEF,Man City,358,0,0
Rico Lewis,DEF,Man City,358,0,0
Riyad Mahrez,MID,Man City,359,0,0
Riyad Mahrez,MID,Man City,359,0,0
Riyad Mahrez,MID,Man City,359,0,0
James McAtee,MID,Man City,360,0,1
James McAtee,MID,Man City,360,0,0
James McAtee,MID,Man City,360,0,0
Stefan Ortega Moreno,GK,Man City,361,0,0
Stefan Ortega Moreno,GK,Man City,361,0,0
Stefan Ortega Moreno,GK,Man City,361,0,0
Cole Palmer,MID,Man City,362,0.02,1
Cole Palmer,MID,Man City,362,0,0
Cole Palmer,MID,Man City,362,0,0
Máximo Perrone,MID,Man City,363,0,0
Máximo Perrone,MID,Man City,363,0,0
Máximo Perrone,MID,Man City,363,0,0
Kalvin Phillips,MID,Man City,364,0,0
Kalvin Phillips,MID,Man City,364,0,0
Kalvin Phillips,MID,Man City,364,0,0
Rodrigo Hernandez,MID,Man City,365,0.67,13
Rodrigo Hernandez,MID,Man City,365,0.07,3
Rodrigo Hernandez,MID,Man City,365,0.36,10
Sergio Gómez,DEF,Man City,366,0,0
Sergio Gómez,DEF,Man City,366,0,0
Sergio Gómez,DEF,Man City,366,0,0
Zack Steffen,GK,Man City,367,0,0
Zack Steffen,GK,Man City,367,0,0
Zack Steffen,GK,Man City,367,0,0
John Stones,DEF,Man City,368,0,0
John Stones,DEF,Man City,368,0,0
John Stones,DEF,Man City,368,0,0
Kyle Walker,DEF,Man City,369,0.04,6
Kyle Walker,DEF,Man City,369,0.05,6
Kyle Walker,DEF,Man City,369,0.47,2
Alex Telles,DEF,Man Utd,370,0,0
Alex Telles,DEF,Man Utd,370,0,0
Alex Telles,DEF,Man Utd,370,0,0
Amad Diallo,MID,Man Utd,371,0,0
Amad Diallo,MID,Man Utd,371,0,0
Amad Diallo,MID,Man Utd,371,0,0
Antony Matheus dos Santos,MID,Man Utd,372,0.27,3
Antony Matheus dos Santos,MID,Man Utd,372,0.28,1
Antony Matheus dos Santos,MID,Man Utd,372,0.71,2
Bruno Borges Fernandes,MID,Man Utd,373,0.76,3
Bruno Borges Fernandes,MID,Man Utd,373,1.18,1
Bruno Borges Fernandes,MID,Man Utd,373,1.75,12
Brandon Williams,DEF,Man Utd,374,0,0
Brandon Williams,DEF,Man Utd,374,0,0
Brandon Williams,DEF,Man Utd,374,0,0
Eric Bailly,DEF,Man Utd,375,0,0
Eric Bailly,DEF,Man Utd,375,0,0
Eric Bailly,DEF,Man Utd,375,0,0
Carlos Henrique Casimiro,MID,Man Utd,376,0.08,3
Carlos Henrique Casimiro,MID,Man Utd,376,0.42,2
Carlos Henrique Casimiro,MID,Man Utd,376,1.15,7
Diogo Dalot Teixeira,DEF,Man Utd,377,0,0
Diogo Dalot Teixeira,DEF,Man Utd,377,0.01,1
Diogo Dalot Teixeira,DEF,Man Utd,377,0.05,1
Anthony Elanga,MID,Nott'm Forest,378,0.61,4
Anthony Elanga,MID,Nott'm Forest,378,0.03,1
Anthony Elanga,MID,Nott'm Forest,378,0.02,1
Christian Eriksen,MID,Man Utd,379,0.01,1
Christian Eriksen,MID,Man Utd,379,0.01,1
Christian Eriksen,MID,Man Utd,379,0.42,9
Álvaro Fernández Carreras,DEF,Man Utd,380,0,0
Álvaro Fernández Carreras,DEF,Man Utd,380,0,0
Álvaro Fernández Carreras,DEF,Man Utd,380,0,0
Frederico Rodrigues de Paula Santos,MID,Man Utd,381,0,0
Frederico Rodrigues de Paula Santos,MID,Man Utd,381,0,0
Frederico Rodrigues de Paula Santos,MID,Man Utd,381,0,0
Alejandro Garnacho,MID,Man Utd,382,0.16,3
Alejandro Garnacho,MID,Man Utd,382,0.26,2
Alejandro Garnacho,MID,Man Utd,382,0,0
Hannibal Mejbri,MID,Man Utd,383,0,0
Hannibal Mejbri,MID,Man Utd,383,0,0
Hannibal Mejbri,MID,Man Utd,383,0,0
Tom Heaton,GK,Man Utd,384,0,0
Tom Heaton,GK,Man Utd,384,0,0
Tom Heaton,GK,Man Utd,384,0,0
Dean Henderson,GK,Man Utd,385,0,0
Dean Henderson,GK,Man Utd,385,0,0
Dean Henderson,GK,Man Utd,385,0,0
Victor Lindelöf,DEF,Man Utd,386,0,1
Victor Lindelöf,DEF,Man Utd,386,0,0
Victor Lindelöf,DEF,Man Utd,386,0.02,1
Harry Maguire,DEF,Man Utd,387,0,0
Harry Maguire,DEF,Man Utd,387,0,0
Harry Maguire,DEF,Man Utd,387,0,0
Kobbie Mainoo,MID,Man Utd,388,0,0
Kobbie Mainoo,MID,Man Utd,388,0,0
Kobbie Mainoo,MID,Man Utd,388,0,0
Tyrell Malacia,DEF,Man Utd,389,0,0
Tyrell Malacia,DEF,Man Utd,389,0,0
Tyrell Malacia,DEF,Man Utd,389,0,0
Anthony Martial,FWD,Man Utd,390,0,0
Anthony Martial,FWD,Man Utd,390,0.01,1
Anthony Martial,FWD,Man Utd,390,0.06,1
Lisandro Martínez,DEF,Man Utd,391,0.02,0
Lisandro Martínez,DEF,Man Utd,391,0.01,-1
Lisandro Martínez,DEF,Man Utd,391,0.04,1
Scott McTominay,MID,Man Utd,392,0,1
Scott McTominay,MID,Man Utd,392,0,0
Scott McTominay,MID,Man Utd,392,0,1
Teden Mengi,DEF,Man Utd,393,0,0
Teden Mengi,DEF,Man Utd,393,0,0
Teden Mengi,DEF,Man Utd,393,0,0
Facundo Pellistri Rebollo,MID,Man Utd,394,0.24,1
Facundo Pellistri Rebollo,MID,Man Utd,394,0.01,1
Facundo Pellistri Rebollo,MID,Man Utd,394,0,0
Raphaël Varane,DEF,Man Utd,395,0.55,14
Raphaël Varane,DEF,Man Utd,395,0.04,1
Raphaël Varane,DEF,Man Utd,395,0.03,0
Marcus Rashford,MID,Man Utd,396,0.32,3
Marcus Rashford,MID,Man Utd,396,0.41,2
Marcus Rashford,MID,Man Utd,396,0.7,7
Jadon Sancho,MID,Man Utd,397,0.05,1
Jadon Sancho,MID,Man Utd,397,0.01,1
Jadon Sancho,MID,Man Utd,397,0.01,1
Luke Shaw,DEF,Man Utd,398,0.04,5
Luke Shaw,DEF,Man Utd,398,0.47,1
Luke Shaw,DEF,Man Utd,398,0,0
Shola Shoretire,FWD,Man Utd,399,0,0
Shola Shoretire,FWD,Man Utd,399,0,0
Shola Shoretire,FWD,Man Utd,399,0,0
Donny van de Beek,MID,Man Utd,400,0,0
Donny van de Beek,MID,Man Utd,400,0,0
Donny van de Beek,MID,Man Utd,400,0,0
Aaron Wan-Bissaka,DEF,Man Utd,401,0.78,12
Aaron Wan-Bissaka,DEF,Man Utd,401,0.1,1
Aaron Wan-Bissaka,DEF,Man Utd,401,0.04,0
Miguel Almirón Rejala,MID,Newcastle,402,0.14,2
Miguel Almirón Rejala,MID,Newcastle,402,0.09,2
Miguel Almirón Rejala,MID,Newcastle,402,0.61,2
Elliot Anderson,MID,Newcastle,403,0,1
Elliot Anderson,MID,Newcastle,403,0.01,1
Elliot Anderson,MID,Newcastle,403,0.01,1
Harrison Ashby,DEF,Newcastle,404,0,0
Harrison Ashby,DEF,Newcastle,404,0,0
Harrison Ashby,DEF,Newcastle,404,0,0
Sven Botman,DEF,Newcastle,405,0.32,5
Sven Botman,DEF,Newcastle,405,0,2
Sven Botman,DEF,Newcastle,405,0.1,2
Bruno Guimarães Rodriguez Moura,MID,Newcastle,406,0.12,1
Bruno Guimarães Rodriguez Moura,MID,Newcastle,406,0.12,1
Bruno Guimarães Rodriguez Moura,MID,Newcastle,406,0.05,2
Dan Burn,DEF,Newcastle,407,0.17,2
Dan Burn,DEF,Newcastle,407,0.01,2
Dan Burn,DEF,Newcastle,407,0.01,1
Karl Darlow,GK,Newcastle,408,0,0
Karl Darlow,GK,Newcastle,408,0,0
Karl Darlow,GK,Newcastle,408,0,0
Martin Dubravka,GK,Newcastle,409,0,0
Martin Dubravka,GK,Newcastle,409,0,0
Martin Dubravka,GK,Newcastle,409,0,0
Ryan Fraser,MID,Newcastle,410,0,0
Ryan Fraser,MID,Newcastle,410,0,0
Ryan Fraser,MID,Newcastle,410,0,0
Mark Gillespie,GK,Newcastle,411,0,0
Mark Gillespie,GK,Newcastle,411,0,0
Mark Gillespie,GK,Newcastle,411,0,0
Anthony Gordon,MID,Newcastle,412,0.43,4
Anthony Gordon,MID,Newcastle,412,0.09,0
Anthony Gordon,MID,Newcastle,412,0.8,10
Isaac Hayden,MID,Newcastle,413,0,0
Isaac Hayden,MID,Newcastle,413,0,0
Isaac Hayden,MID,Newcastle,413,0,0
Jeff Hendrick,MID,Newcastle,414,0,0
Jeff Hendrick,MID,Newcastle,414,0,0
Jeff Hendrick,MID,Newcastle,414,0,0
Alexander Isak,FWD,Newcastle,415,0.78,13
Alexander Isak,FWD,Newcastle,415,0.02,2
Alexander Isak,FWD,Newcastle,415,0.18,2
Joelinton Cássio Apolinário de Lira,MID,Newcastle,416,0.28,2
Joelinton Cássio Apolinário de Lira,MID,Newcastle,416,0.07,0
Joelinton Cássio Apolinário de Lira,MID,Newcastle,416,0.11,2
Emil Krafth,DEF,Newcastle,417,0,0
Emil Krafth,DEF,Newcastle,417,0,0
Emil Krafth,DEF,Newcastle,417,0,0
Garang Kuol,MID,Newcastle,418,0,0
Garang Kuol,MID,Newcastle,418,0,0
Garang Kuol,MID,Newcastle,418,0,0
Jamaal Lascelles,DEF,Newcastle,419,0,0
Jamaal Lascelles,DEF,Newcastle,419,0,0
Jamaal Lascelles,DEF,Newcastle,419,0,0
Jamal Lewis,DEF,Newcastle,420,0,0
Jamal Lewis,DEF,Newcastle,420,0,0
Jamal Lewis,DEF,Newcastle,420,0,0
Sean Longstaff,MID,Newcastle,421,0,1
Sean Longstaff,MID,Newcastle,421,0,1
Sean Longstaff,MID,Newcastle,421,0.17,1
Javier Manquillo Gaitán,DEF,Newcastle,422,0,0
Javier Manquillo Gaitán,DEF,Newcastle,422,0,0
Javier Manquillo Gaitán,DEF,Newcastle,422,0,0
Jacob Murphy,MID,Newcastle,423,0.29,4
Jacob Murphy,MID,Newcastle,423,0,0
Jacob Murphy,MID,Newcastle,423,0,0
Nick Pope,GK,Newcastle,424,0,3
Nick Pope,GK,Newcastle,424,0,3
Nick Pope,GK,Newcastle,424,0.02,1
Matt Ritchie,MID,Newcastle,425,0,0
Matt Ritchie,MID,Newcastle,425,0,0
Matt Ritchie,MID,Newcastle,425,0,0
Allan Saint-Maximin,MID,Newcastle,426,0,0
Allan Saint-Maximin,MID,Newcastle,426,0,0
Allan Saint-Maximin,MID,Newcastle,426,0,0
Fabian Schär,DEF,Newcastle,427,0,2
Fabian Schär,DEF,Newcastle,427,0.01,2
Fabian Schär,DEF,Newcastle,427,0.11,1
Matt Targett,DEF,Newcastle,428,0,0
Matt Targett,DEF,Newcastle,428,0,0
Matt Targett,DEF,Newcastle,428,0,1
Sandro Tonali,MID,Newcastle,429,0.69,6
Sandro Tonali,MID,Newcastle,429,0.01,1
Sandro Tonali,MID,Newcastle,429,0.03,3
Kieran Trippier,DEF,Newcastle,430,0.26,2
Kieran Trippier,DEF,Newcastle,430,0.07,2
Kieran Trippier,DEF,Newcastle,430,0.18,0
Kell Watts,DEF,Newcastle,431,0,0
Kell Watts,DEF,Newcastle,431,0,0
Kell Watts,DEF,Newcastle,431,0,0
Joe Willock,MID,Newcastle,432,0,0
Joe Willock,MID,Newcastle,432,0,0
Joe Willock,MID,Newcastle,432,0,0
Callum Wilson,FWD,Newcastle,433,0.91,5
Callum Wilson,FWD,Newcastle,433,0,1
Callum Wilson,FWD,Newcastle,433,0.1,1
Brandon Aguilera Zamora,MID,Nott'm Forest,434,0,0
Brandon Aguilera Zamora,MID,Nott'm Forest,434,0,0
Brandon Aguilera Zamora,MID,Nott'm Forest,434,0,0
Harry Arter,MID,Nott'm Forest,435,0,0
Harry Arter,MID,Nott'm Forest,435,0,0
Harry Arter,MID,Nott'm Forest,435,0,0
Serge Aurier,DEF,Nott'm Forest,436,0,1
Serge Aurier,DEF,Nott'm Forest,436,0.26,10
Serge Aurier,DEF,Nott'm Forest,436,0.01,0
Taiwo Awoniyi,FWD,Nott'm Forest,437,0.57,7
Taiwo Awoniyi,FWD,Nott'm Forest,437,0.33,7
Taiwo Awoniyi,FWD,Nott'm Forest,437,0.69,6
Giulian Biancone,DEF,Nott'm Forest,438,0,0
Giulian Biancone,DEF,Nott'm Forest,438,0,0
Giulian Biancone,DEF,Nott'm Forest,438,0,0
Willy Boly,DEF,Nott'm Forest,439,0.24,1
Willy Boly,DEF,Nott'm Forest,439,0.38,1
Willy Boly,DEF,Nott'm Forest,439,0.26,7
Josh Bowler,MID,Nott'm Forest,440,0,0
Josh Bowler,MID,Nott'm Forest,440,0,0
Josh Bowler,MID,Nott'm Forest,440,0,0
Steve Cook,DEF,Nott'm Forest,441,0,0
Steve Cook,DEF,Nott'm Forest,441,0,0
Steve Cook,DEF,Nott'm Forest,441,0,0
Danilo dos Santos de Oliveira,MID,Nott'm Forest,442,0.01,2
Danilo dos Santos de Oliveira,MID,Nott'm Forest,442,0.16,2
Danilo dos Santos de Oliveira,MID,Nott'm Forest,442,0.03,2
Emmanuel Dennis,FWD,Nott'm Forest,443,0,0
Emmanuel Dennis,FWD,Nott'm Forest,443,0,0
Emmanuel Dennis,FWD,Nott'm Forest,443,0,0
Mohamed Dräger,DEF,Nott'm Forest,444,0,0
Mohamed Dräger,DEF,Nott'm Forest,444,0,0
Mohamed Dräger,DEF,Nott'm Forest,444,0,0
Felipe Augusto de Almeida Monteiro,DEF,Nott'm Forest,445,0,0
Felipe Augusto de Almeida Monteiro,DEF,Nott'm Forest,445,0,0
Felipe Augusto de Almeida Monteiro,DEF,Nott'm Forest,445,0,0
Remo Freuler,MID,Nott'm Forest,446,0,0
Remo Freuler,MID,Nott'm Forest,446,0,0
Remo Freuler,MID,Nott'm Forest,446,0,0
Morgan Gibbs-White,MID,Nott'm Forest,447,0.28,2
Morgan Gibbs-White,MID,Nott'm Forest,447,0.45,2
Morgan Gibbs-White,MID,Nott'm Forest,447,0.51,8
Wayne Hennessey,GK,Nott'm Forest,448,0,0
Wayne Hennessey,GK,Nott'm Forest,448,0,0
Wayne Hennessey,GK,Nott'm Forest,448,0,0
Ethan Horvath,GK,Nott'm Forest,449,0,0
Ethan Horvath,GK,Nott'm Forest,449,0,0
Ethan Horvath,GK,Nott'm Forest,449,0,0
Brennan Johnson,MID,Nott'm Forest,450,0.28,2
Brennan Johnson,MID,Nott'm Forest,450,0.06,2
Brennan Johnson,MID,Nott'm Forest,450,0.02,2
Cheikhou Kouyaté,MID,Nott'm Forest,451,0.02,1
Cheikhou Kouyaté,MID,Nott'm Forest,451,0,1
Cheikhou Kouyaté,MID,Nott'm Forest,451,0.02,0
Richie Laryea,DEF,Nott'm Forest,452,0,0
Richie Laryea,DEF,Nott'm Forest,452,0,0
Richie Laryea,DEF,Nott'm Forest,452,0,0
Orel Mangala,MID,Nott'm Forest,453,0,1
Orel Mangala,MID,Nott'm Forest,453,0,2
Orel Mangala,MID,Nott'm Forest,453,0,0
Loïc Mbe Soh,DEF,Nott'm Forest,454,0,0
Loïc Mbe Soh,DEF,Nott'm Forest,454,0,0
Loïc Mbe Soh,DEF,Nott'm Forest,454,0,0
Scott McKenna,DEF,Nott'm Forest,455,0,1
Scott McKenna,DEF,Nott'm Forest,455,0.2,2
Scott McKenna,DEF,Nott'm Forest,455,0.02,0
Alex Mighten,MID,Nott'm Forest,456,0,0
Alex Mighten,MID,Nott'm Forest,456,0,0
Alex Mighten,MID,Nott'm Forest,456,0,0
Moussa Niakhaté,DEF,Nott'm Forest,457,0,0
Moussa Niakhaté,DEF,Nott'm Forest,457,0,1
Moussa Niakhaté,DEF,Nott'm Forest,457,0.01,1
Lewis O'Brien,MID,Nott'm Forest,458,0,0
Lewis O'Brien,MID,Nott'm Forest,458,0,0
Lewis O'Brien,MID,Nott'm Forest,458,0,0
Braian Ojeda Rodríguez,MID,Nott'm Forest,459,0,0
Braian Ojeda Rodríguez,MID,Nott'm Forest,459,0,0
Braian Ojeda Rodríguez,MID,Nott'm Forest,459,0,0
Jonathan Panzo,DEF,Nott'm Forest,460,0,0
Jonathan Panzo,DEF,Nott'm Forest,460,0,0
Jonathan Panzo,DEF,Nott'm Forest,460,0,0
Omar Richards,DEF,Nott'm Forest,461,0,0
Omar Richards,DEF,Nott'm Forest,461,0,0
Omar Richards,DEF,Nott'm Forest,461,0,0
Gustavo Henrique Furtado Scarpa,MID,Nott'm Forest,462,0,0
Gustavo Henrique Furtado Scarpa,MID,Nott'm Forest,462,0,0
Gustavo Henrique Furtado Scarpa,MID,Nott'm Forest,462,0,0
Jonjo Shelvey,MID,Nott'm Forest,463,0,0
Jonjo Shelvey,MID,Nott'm Forest,463,0,0
Jonjo Shelvey,MID,Nott'm Forest,463,0,0
Sam Surridge,FWD,Nott'm Forest,464,0,0
Sam Surridge,FWD,Nott'm Forest,464,0,0
Sam Surridge,FWD,Nott'm Forest,464,0,0
Harry Toffolo,DEF,Nott'm Forest,465,0,0
Harry Toffolo,DEF,Nott'm Forest,465,0,0
Harry Toffolo,DEF,Nott'm Forest,465,0,0
Hwang Ui-jo,FWD,Nott'm Forest,466,0,0
Hwang Ui-jo,FWD,Nott'm Forest,466,0,0
Hwang Ui-jo,FWD,Nott'm Forest,466,0,0
Neco Williams,DEF,Nott'm Forest,467,0,1
Neco Williams,DEF,Nott'm Forest,467,0.09,2
Neco Williams,DEF,Nott'm Forest,467,0,0
Chris Wood,FWD,Nott'm Forest,468,0,1
Chris Wood,FWD,Nott'm Forest,468,0.13,7
Chris Wood,FWD,Nott'm Forest,468,0.03,1
Joe Worrall,DEF,Nott'm Forest,469,0,1
Joe Worrall,DEF,Nott'm Forest,469,0.41,2
Joe Worrall,DEF,Nott'm Forest,469,0,-2
Ryan Yates,MID,Nott'm Forest,470,0.01,2
Ryan Yates,MID,Nott'm Forest,470,0.01,1
Ryan Yates,MID,Nott'm Forest,470,0,2
Anel Ahmedhodžić,DEF,Sheffield Utd,471,0.05,1
Anel Ahmedhodžić,DEF,Sheffield Utd,471,0.07,1
Anel Ahmedhodžić,DEF,Sheffield Utd,471,0.36,1
Jordan Amissah,GK,Sheffield Utd,472,0,0
Jordan Amissah,GK,Sheffield Utd,472,0,0
Jordan Amissah,GK,Sheffield Utd,472,0,0
George Baldock,DEF,Sheffield Utd,473,0.02,2
George Baldock,DEF,Sheffield Utd,473,0,0
George Baldock,DEF,Sheffield Utd,473,0.01,1
Chris Basham,DEF,Sheffield Utd,474,0,2
Chris Basham,DEF,Sheffield Utd,474,0,1
Chris Basham,DEF,Sheffield Utd,474,0,1
Sander Berge,MID,Burnley,475,0,2
Sander Berge,MID,Burnley,475,0.02,1
Jayden Bogle,DEF,Sheffield Utd,476,0,0
Jayden Bogle,DEF,Sheffield Utd,476,0,0
Jayden Bogle,DEF,Sheffield Utd,476,0.14,7
Rhian Brewster,FWD,Sheffield Utd,477,0,0
Rhian Brewster,FWD,Sheffield Utd,477,0,0
Rhian Brewster,FWD,Sheffield Utd,477,0,0
Ismaila Coulibaly,MID,Sheffield Utd,478,0,0
Ismaila Coulibaly,MID,Sheffield Utd,478,0,0
Ismaila Coulibaly,MID,Sheffield Utd,478,0,0
Adam Davies,GK,Sheffield Utd,479,0,0
Adam Davies,GK,Sheffield Utd,479,0,0
Adam Davies,GK,Sheffield Utd,479,0,0
John Egan,DEF,Sheffield Utd,480,0.04,2
John Egan,DEF,Sheffield Utd,480,0,1
John Egan,DEF,Sheffield Utd,480,0,0
John Fleck,MID,Sheffield Utd,481,0,0
John Fleck,MID,Sheffield Utd,481,0,0
John Fleck,MID,Sheffield Utd,481,0,0
Wes Foderingham,GK,Sheffield Utd,482,0,4
Wes Foderingham,GK,Sheffield Utd,482,0,1
Wes Foderingham,GK,Sheffield Utd,482,0,4
Daniel Jebbison,FWD,Sheffield Utd,483,0,0
Daniel Jebbison,FWD,Sheffield Utd,483,0,0
Daniel Jebbison,FWD,Sheffield Utd,483,0,0
Max Lowe,DEF,Sheffield Utd,484,0.01,2
Max Lowe,DEF,Sheffield Utd,484,0,1
Max Lowe,DEF,Sheffield Utd,484,0,0
Oliver McBurnie,FWD,Sheffield Utd,485,0,0
Oliver McBurnie,FWD,Sheffield Utd,485,0,0
Oliver McBurnie,FWD,Sheffield Utd,485,0.43,1
Iliman Ndiaye,FWD,Sheffield Utd,486,0,0
Iliman Ndiaye,FWD,Sheffield Utd,486,0,0
Iliman Ndiaye,FWD,Sheffield Utd,486,0,0
Rhys Norrington-Davies,DEF,Sheffield Utd,487,0,0
Rhys Norrington-Davies,DEF,Sheffield Utd,487,0,0
Rhys Norrington-Davies,DEF,Sheffield Utd,487,0,0
Oliver Norwood,MID,Sheffield Utd,488,0.13,2
Oliver Norwood,MID,Sheffield Utd,488,0.19,1
Oliver Norwood,MID,Sheffield Utd,488,0.03,2
Ben Osborn,MID,Sheffield Utd,489,0.13,2
Ben Osborn,MID,Sheffield Utd,489,0.09,1
Ben Osborn,MID,Sheffield Utd,489,0,1
William Osula,FWD,Sheffield Utd,490,0.25,1
William Osula,FWD,Sheffield Utd,490,0.1,2
William Osula,FWD,Sheffield Utd,490,0,1
Brandon Austin,GK,Spurs,491,0,0
Brandon Austin,GK,Spurs,491,0,0
Brandon Austin,GK,Spurs,491,0,0
Rodrigo Bentancur,MID,Spurs,492,0,0
Rodrigo Bentancur,MID,Spurs,492,0,0
Rodrigo Bentancur,MID,Spurs,492,0,0
Yves Bissouma,MID,Spurs,493,0.15,2
Yves Bissouma,MID,Spurs,493,0.08,3
Yves Bissouma,MID,Spurs,493,0.17,2
Bryan Gil Salvatierra,MID,Spurs,494,0,0
Bryan Gil Salvatierra,MID,Spurs,494,0,0
Bryan Gil Salvatierra,MID,Spurs,494,0,0
Ben Davies,DEF,Spurs,495,0,0
Ben Davies,DEF,Spurs,495,0.43,4
Ben Davies,DEF,Spurs,495,0.14,1
Eric Dier,DEF,Spurs,496,0,0
Eric Dier,DEF,Spurs,496,0,0
Eric Dier,DEF,Spurs,496,0,0
Emerson Leite de Souza Junior,DEF,Spurs,497,0.19,8
Emerson Leite de Souza Junior,DEF,Spurs,497,0,1
Emerson Leite de Souza Junior,DEF,Spurs,497,0,0
Fraser Forster,GK,Spurs,498,0,0
Fraser Forster,GK,Spurs,498,0,0
Fraser Forster,GK,Spurs,498,0,0
Pierre-Emile Højbjerg,MID,Spurs,499,0,0
Pierre-Emile Højbjerg,MID,Spurs,499,0.01,1
Pierre-Emile Højbjerg,MID,Spurs,499,0.23,1
Harry Kane,FWD,Spurs,500,0,0
Harry Kane,FWD,Spurs,500,0,0
Harry Kane,FWD,Spurs,500,0,0
Dejan Kulusevski,MID,Spurs,501,0.4,2
Dejan Kulusevski,MID,Spurs,501,0.09,3
Dejan Kulusevski,MID,Spurs,501,0.54,8
Hugo Lloris,GK,Spurs,502,0,0
Hugo Lloris,GK,Spurs,502,0,0
Hugo Lloris,GK,Spurs,502,0,0
Giovani Lo Celso,MID,Spurs,503,0,0
Giovani Lo Celso,MID,Spurs,503,0,0
Giovani Lo Celso,MID,Spurs,503,0.02,1
James Maddison,MID,Spurs,504,1.01,9
James Maddison,MID,Spurs,504,0.35,3
James Maddison,MID,Spurs,504,1.52,10
Tanguy Ndombélé Alvaro,MID,Spurs,505,0,0
Tanguy Ndombélé Alvaro,MID,Spurs,505,0,0
Tanguy Ndombélé Alvaro,MID,Spurs,505,0,0
Pedro Porro,DEF,Spurs,506,0,0
Pedro Porro,DEF,Spurs,506,0.22,6
Pedro Porro,DEF,Spurs,506,0.13,6
Ivan Perišić,DEF,Spurs,507,0.16,1
Ivan Perišić,DEF,Spurs,507,0.44,1
Ivan Perišić,DEF,Spurs,507,0.06,0
Sergio Reguilón,DEF,Spurs,508,0,0
Sergio Reguilón,DEF,Spurs,508,0,0
Sergio Reguilón,DEF,Spurs,508,0,0
Richarlison de Andrade,MID,Spurs,509,0.22,2
Richarlison de Andrade,MID,Spurs,509,0.01,3
Richarlison de Andrade,MID,Spurs,509,0.3,0
Joe Rodon,DEF,Spurs,510,0,0
Joe Rodon,DEF,Spurs,510,0,0
Joe Rodon,DEF,Spurs,510,0,0
Cristian Romero,DEF,Spurs,511,0.52,7
Cristian Romero,DEF,Spurs,511,0.09,6
Cristian Romero,DEF,Spurs,511,0,7
Davinson Sánchez,DEF,Spurs,512,0.15,0
Davinson Sánchez,DEF,Spurs,512,0,0
Davinson Sánchez,DEF,Spurs,512,0,0
Pape Matar Sarr,MID,Spurs,513,0.13,1
Pape Matar Sarr,MID,Spurs,513,0.7,10
Pape Matar Sarr,MID,Spurs,513,0.48,4
Ryan Sessegnon,DEF,Spurs,514,0,0
Ryan Sessegnon,DEF,Spurs,514,0,0
Ryan Sessegnon,DEF,Spurs,514,0,0
Oliver Skipp,MID,Spurs,515,0.01,1
Oliver Skipp,MID,Spurs,515,0,0
Oliver Skipp,MID,Spurs,515,0.01,1
Son Heung-min,MID,Spurs,516,0.13,2
Son Heung-min,MID,Spurs,516,0.51,3
Son Heung-min,MID,Spurs,516,0.34,3
Djed Spence,DEF,Spurs,517,0,0
Djed Spence,DEF,Spurs,517,0,0
Djed Spence,DEF,Spurs,517,0,0
Japhet Tanganga,DEF,Spurs,518,0,0
Japhet Tanganga,DEF,Spurs,518,0,0
Japhet Tanganga,DEF,Spurs,518,0,0
Destiny Udogie,DEF,Spurs,519,0.04,1
Destiny Udogie,DEF,Spurs,519,0.24,5
Destiny Udogie,DEF,Spurs,519,0.34,12
Guglielmo Vicario,GK,Spurs,520,0,1
Guglielmo Vicario,GK,Spurs,520,0,11
Guglielmo Vicario,GK,Spurs,520,0,7
Alfie Whiteman,GK,Spurs,521,0,0
Alfie Whiteman,GK,Spurs,521,0,0
Alfie Whiteman,GK,Spurs,521,0,0
Nayef Aguerd,DEF,West Ham,522,0,2
Nayef Aguerd,DEF,West Ham,522,0.13,5
Nayef Aguerd,DEF,West Ham,522,0,0
Michail Antonio,FWD,West Ham,523,0.01,1
Michail Antonio,FWD,West Ham,523,0.22,9
Michail Antonio,FWD,West Ham,523,1.05,7
Alphonse Areola,GK,West Ham,524,0,3
Alphonse Areola,GK,West Ham,524,0,10
Alphonse Areola,GK,West Ham,524,0,5
Saïd Benrahma,MID,West Ham,525,0.35,2
Saïd Benrahma,MID,West Ham,525,0.1,2
Saïd Benrahma,MID,West Ham,525,0.22,4
Jarrod Bowen,MID,West Ham,526,0.57,9
Jarrod Bowen,MID,West Ham,526,0.4,2
Jarrod Bowen,MID,West Ham,526,1.31,12
Maxwel Cornet,MID,West Ham,527,0,1
Maxwel Cornet,MID,West Ham,527,0,0
Maxwel Cornet,MID,West Ham,527,0,0
Vladimír Coufal,DEF,West Ham,528,0.16,2
Vladimír Coufal,DEF,West Ham,528,0.04,2
Vladimír Coufal,DEF,West Ham,528,0.03,2
Conor Coventry,MID,West Ham,529,0,0
Conor Coventry,MID,West Ham,529,0,0
Conor Coventry,MID,West Ham,529,0,0
Aaron Cresswell,DEF,West Ham,530,0,0
Aaron Cresswell,DEF,West Ham,530,0,0
Aaron Cresswell,DEF,West Ham,530,0,0
Flynn Downes,MID,West Ham,531,0,0
Flynn Downes,MID,West Ham,531,0,0
Flynn Downes,MID,West Ham,531,0,0
Emerson Palmieri dos Santos,DEF,West Ham,532,0.25,1
Emerson Palmieri dos Santos,DEF,West Ham,532,0.01,4
Emerson Palmieri dos Santos,DEF,West Ham,532,0.18,2
Lukasz Fabianski,GK,West Ham,533,0,0
Lukasz Fabianski,GK,West Ham,533,0,0
Lukasz Fabianski,GK,West Ham,533,0,0
Pablo Fornals Malla,MID,West Ham,534,0.18,2
Pablo Fornals Malla,MID,West Ham,534,0.11,1
Pablo Fornals Malla,MID,West Ham,534,0.01,1
Danny Ings,FWD,West Ham,535,0.12,1
Danny Ings,FWD,West Ham,535,0,0
Danny Ings,FWD,West Ham,535,0,1
Ben Johnson,DEF,West Ham,536,0,0
Ben Johnson,DEF,West Ham,536,0,0
Ben Johnson,DEF,West Ham,536,0,0
Thilo Kehrer,DEF,West Ham,537,0,1
Thilo Kehrer,DEF,West Ham,537,0,0
Thilo Kehrer,DEF,West Ham,537,0,0
Divin Mubama,FWD,West Ham,538,0,0
Divin Mubama,FWD,West Ham,538,0,0
Divin Mubama,FWD,West Ham,538,0,0
Lucas Tolentino Coelho de Lima,MID,West Ham,539,0.39,1
Lucas Tolentino Coelho de Lima,MID,West Ham,539,0.89,6
Lucas Tolentino Coelho de Lima,MID,West Ham,539,0.73,2
Declan Rice,MID,Arsenal,540,0.28,2
Declan Rice,MID,Arsenal,540,0.23,3
Declan Rice,MID,Arsenal,540,0.07,2
Gianluca Scamacca,FWD,West Ham,541,0,0
Gianluca Scamacca,FWD,West Ham,541,0,0
Gianluca Scamacca,FWD,West Ham,541,0,0
Tomáš Souček,MID,West Ham,542,0.38,7
Tomáš Souček,MID,West Ham,542,0.01,2
Tomáš Souček,MID,West Ham,542,0,1
Nikola Vlašić,MID,West Ham,543,0,0
Nikola Vlašić,MID,West Ham,543,0,0
Nikola Vlašić,MID,West Ham,543,0,0
Kurt Zouma,DEF,West Ham,544,0,2
Kurt Zouma,DEF,West Ham,544,0,2
Kurt Zouma,DEF,West Ham,544,0,2
Rayan Aït-Nouri,DEF,Wolves,545,0.01,1
Rayan Aït-Nouri,DEF,Wolves,545,0.28,0
Rayan Aït-Nouri,DEF,Wolves,545,0.02,1
Daniel Bentley,GK,Wolves,546,0,0
Daniel Bentley,GK,Wolves,546,0,0
Daniel Bentley,GK,Wolves,546,0,0
Bendegúz Bolla,DEF,Wolves,547,0,0
Bendegúz Bolla,DEF,Wolves,547,0,0
Bendegúz Bolla,DEF,Wolves,547,0,0
Hugo Bueno López,DEF,Wolves,548,0.2,1
Hugo Bueno López,DEF,Wolves,548,0.16,1
Hugo Bueno López,DEF,Wolves,548,0.03,6
Francisco Jorge Tomás Oliveira,MID,Wolves,549,0,0
Francisco Jorge Tomás Oliveira,MID,Wolves,549,0,0
Francisco Jorge Tomás Oliveira,MID,Wolves,549,0,0
Luke Cundle,MID,Wolves,550,0,0
Luke Cundle,MID,Wolves,550,0,0
Luke Cundle,MID,Wolves,550,0,0
Craig Dawson,DEF,Wolves,551,0.14,2
Craig Dawson,DEF,Wolves,551,0.07,-1
Craig Dawson,DEF,Wolves,551,0,5
Fábio Silva,FWD,Wolves,552,0.34,1
Fábio Silva,FWD,Wolves,552,0.45,1
Fábio Silva,FWD,Wolves,552,0.31,2
Ryan Giles,DEF,Luton,553,0.22,0
Ryan Giles,DEF,Luton,553,0.1,1
Gonçalo Manuel Ganchinho Guedes,MID,Wolves,554,0,0
Gonçalo Manuel Ganchinho Guedes,MID,Wolves,554,0,0
Gonçalo Manuel Ganchinho Guedes,MID,Wolves,554,0,0
Joe Hodge,MID,Wolves,555,0,0
Joe Hodge,MID,Wolves,555,0,0
Joe Hodge,MID,Wolves,555,0,0
Ki-Jana Hoever,DEF,Wolves,556,0,0
Ki-Jana Hoever,DEF,Wolves,556,0,0
Ki-Jana Hoever,DEF,Wolves,556,0,0
Hwang Hee-chan,MID,Wolves,557,0.69,1
Hwang Hee-chan,MID,Wolves,557,0.55,5
Hwang Hee-chan,MID,Wolves,557,0,1
Raúl Jiménez,FWD,Fulham,558,0.09,1
Raúl Jiménez,FWD,Fulham,558,0.15,2
Raúl Jiménez,FWD,Fulham,558,0.2,1
João Victor Gomes da Silva,MID,Wolves,559,0.04,2
João Victor Gomes da Silva,MID,Wolves,559,0.09,1
João Victor Gomes da Silva,MID,Wolves,559,0.06,2
Jonathan Castro Otto,DEF,Wolves,560,0,0
Jonathan Castro Otto,DEF,Wolves,560,0,0
Jonathan Castro Otto,DEF,Wolves,560,0,0
Bruno Cavaco Jordão,MID,Wolves,561,0,0
Bruno Cavaco Jordão,MID,Wolves,561,0,0
Bruno Cavaco Jordão,MID,Wolves,561,0,0
Sasa Kalajdzic,FWD,Wolves,562,0,1
Sasa Kalajdzic,FWD,Wolves,562,0,0
Sasa Kalajdzic,FWD,Wolves,562,0.27,6
Max Kilman,DEF,Wolves,563,0.06,2
Max Kilman,DEF,Wolves,563,0.01,-1
Max Kilman,DEF,Wolves,563,0.15,8
Tom King,GK,Wolves,564,0,0
Tom King,GK,Wolves,564,0,0
Tom King,GK,Wolves,564,0,0
Mario Lemina,MID,Wolves,565,0.11,1
Mario Lemina,MID,Wolves,565,0.7,2
Mario Lemina,MID,Wolves,565,0.06,2
Matheus Luiz Nunes,MID,Wolves,566,0.08,2
Matheus Luiz Nunes,MID,Wolves,566,0.22,-1
Matheus Luiz Nunes,MID,Wolves,566,0,0
Pedro Lomba Neto,MID,Wolves,567,1.14,1
Pedro Lomba Neto,MID,Wolves,567,0.18,2
Pedro Lomba Neto,MID,Wolves,567,0.49,7
Daniel Castelo Podence,MID,Wolves,568,0,0
Daniel Castelo Podence,MID,Wolves,568,0,0
Daniel Castelo Podence,MID,Wolves,568,0,0
José Malheiro de Sá,GK,Wolves,569,0,2
José Malheiro de Sá,GK,Wolves,569,0,1
José Malheiro de Sá,GK,Wolves,569,0,11
Pablo Sarabia,MID,Wolves,570,0.36,3
Pablo Sarabia,MID,Wolves,570,0.34,4
Pablo Sarabia,MID,Wolves,570,0.31,1
Matija Šarkić,GK,Wolves,571,0,0
Matija Šarkić,GK,Wolves,571,0,0
Matija Šarkić,GK,Wolves,571,0,0
Nélson Cabral Semedo,DEF,Wolves,572,0.13,2
Nélson Cabral Semedo,DEF,Wolves,572,0.03,0
Nélson Cabral Semedo,DEF,Wolves,572,0.01,5
Toti António Gomes,DEF,Wolves,573,0,0
Toti António Gomes,DEF,Wolves,573,0,1
Toti António Gomes,DEF,Wolves,573,0,1
Boubacar Traoré,MID,Wolves,574,0,0
Boubacar Traoré,MID,Wolves,574,0,0
Boubacar Traoré,MID,Wolves,574,0,0
Tom Lockyer,DEF,Luton,575,0.01,0
Tom Lockyer,DEF,Luton,575,0.01,0
Jack Robinson,DEF,Sheffield Utd,576,0,2
Jack Robinson,DEF,Sheffield Utd,576,0.07,1
Jack Robinson,DEF,Sheffield Utd,576,0,1
Angelo Ogbonna,DEF,West Ham,577,0,0
Angelo Ogbonna,DEF,West Ham,577,0,1
Angelo Ogbonna,DEF,West Ham,577,0,2
Reiss Nelson,MID,Arsenal,578,0,0
Reiss Nelson,MID,Arsenal,578,0,0
Reiss Nelson,MID,Arsenal,578,0,0
Andy Lonergan,GK,Everton,579,0,0
Andy Lonergan,GK,Everton,579,0,0
Andy Lonergan,GK,Everton,579,0,0
Loris Karius,GK,Newcastle,580,0,0
Loris Karius,GK,Newcastle,580,0,0
Loris Karius,GK,Newcastle,580,0,0
Paul Dummett,DEF,Newcastle,581,0,0
Paul Dummett,DEF,Newcastle,581,0,0
Paul Dummett,DEF,Newcastle,581,0,0
Pelly Ruddock Mpanzu,MID,Luton,582,0.26,2
Pelly Ruddock Mpanzu,MID,Luton,582,0.01,1
Manor Solomon,MID,Spurs,583,0,0
Manor Solomon,MID,Spurs,583,0,1
Manor Solomon,MID,Spurs,583,0,0
Pau Torres,DEF,Aston Villa,584,0.02,0
Pau Torres,DEF,Aston Villa,584,0,6
Pau Torres,DEF,Aston Villa,584,0.01,2
Jurriën Timber,DEF,Arsenal,585,0.01,0
Jurriën Timber,DEF,Arsenal,585,0,0
Jurriën Timber,DEF,Arsenal,585,0,0
Tahith Chong,MID,Luton,586,0.01,2
Tahith Chong,MID,Luton,586,0.06,2
Anis Slimane,MID,Sheffield Utd,587,0,0
Anis Slimane,MID,Sheffield Utd,587,0,0
Anis Slimane,MID,Sheffield Utd,587,0,0
Ashley Young,DEF,Everton,588,0.1,2
Ashley Young,DEF,Everton,588,0.02,0
Ashley Young,DEF,Everton,588,0.38,2
Ângelo Gabriel Borges Damaceno,MID,Chelsea,589,0,0
Ângelo Gabriel Borges Damaceno,MID,Chelsea,589,0,0
Ângelo Gabriel Borges Damaceno,MID,Chelsea,589,0,0
Matheus Santos Carneiro Da Cunha,FWD,Wolves,590,0.52,2
Matheus Santos Carneiro Da Cunha,FWD,Wolves,590,0.78,2
Matheus Santos Carneiro Da Cunha,FWD,Wolves,590,0.17,2
Willian Borges da Silva,MID,Fulham,591,0.04,0
Willian Borges da Silva,MID,Fulham,591,0.07,1
Willian Borges da Silva,MID,Fulham,591,0,0
Yasser Larouci,DEF,Sheffield Utd,592,0,1
Yasser Larouci,DEF,Sheffield Utd,592,0,1
Yasser Larouci,DEF,Sheffield Utd,592,0.08,1
Bénie Traoré,FWD,Sheffield Utd,593,0.08,2
Bénie Traoré,FWD,Sheffield Utd,593,0.3,2
Bénie Traoré,FWD,Sheffield Utd,593,0.09,2
Zeki Amdouni,FWD,Burnley,594,0.03,2
Zeki Amdouni,FWD,Burnley,594,0.07,2
Milos Kerkez,DEF,Bournemouth,595,0.05,2
Milos Kerkez,DEF,Bournemouth,595,0.01,1
Milos Kerkez,DEF,Bournemouth,595,0.02,1
James Trafford,GK,Burnley,596,0,2
James Trafford,GK,Burnley,596,0,2
André Onana,GK,Man Utd,597,0,9
André Onana,GK,Man Utd,597,0,2
André Onana,GK,Man Utd,597,0,0
Matt Doherty,DEF,Wolves,598,0,0
Matt Doherty,DEF,Wolves,598,0,0
Matt Doherty,DEF,Wolves,598,0,0
Moussa Diaby,MID,Aston Villa,599,0.47,7
Moussa Diaby,MID,Aston Villa,599,0.52,3
Moussa Diaby,MID,Aston Villa,599,0.28,12
Nathan Redmond,MID,Burnley,600,0,1
Nathan Redmond,MID,Burnley,600,0.01,1
Arnaut Danjuma Groeneveld,MID,Everton,601,0.01,1
Arnaut Danjuma Groeneveld,MID,Everton,601,0.29,1
Arnaut Danjuma Groeneveld,MID,Everton,601,0.4,2
Issa Kaboré,DEF,Luton,602,0.28,1
Issa Kaboré,DEF,Luton,602,0.03,1
Harvey Barnes,MID,Newcastle,603,1.16,11
Harvey Barnes,MID,Newcastle,603,0.04,0
Harvey Barnes,MID,Newcastle,603,0.09,1
Olu Aina,DEF,Nott'm Forest,604,0.02,0
Olu Aina,DEF,Nott'm Forest,604,0,0
Olu Aina,DEF,Nott'm Forest,604,0.01,0
Luca Koleosho,MID,Burnley,605,0.09,2
Luca Koleosho,MID,Burnley,605,0.13,2
Igor Julio dos Santos de Paulo,DEF,Brighton,606,0,0
Igor Julio dos Santos de Paulo,DEF,Brighton,606,0,0
Igor Julio dos Santos de Paulo,DEF,Brighton,606,0,0
Ionuț Radu,GK,Bournemouth,607,0,0
Ionuț Radu,GK,Bournemouth,607,0,0
Ionuț Radu,GK,Bournemouth,607,0,0
Jacob Bruun Larsen,MID,Burnley,608,0.03,1
Jacob Bruun Larsen,MID,Burnley,608,0.01,1
Ian Maatsen,MID,Chelsea,609,0.01,1
Ian Maatsen,MID,Chelsea,609,0,0
Ian Maatsen,MID,Chelsea,609,0,0
Calvin Bassey,DEF,Fulham,610,0,0
Calvin Bassey,DEF,Fulham,610,0,1
Calvin Bassey,DEF,Fulham,610,0,-2
Axel Disasi,DEF,Chelsea,611,0.48,11
Axel Disasi,DEF,Chelsea,611,0.03,0
Axel Disasi,DEF,Chelsea,611,0.06,6
Lesley Ugochukwu,MID,Chelsea,613,0,1
Lesley Ugochukwu,MID,Chelsea,613,0,0
Lesley Ugochukwu,MID,Chelsea,613,0.04,1
Thomas Kaminski,GK,Luton,614,0,3
Thomas Kaminski,GK,Luton,614,0,2
Matheus França de Oliveira,MID,Crystal Palace,615,0,0
Matheus França de Oliveira,MID,Crystal Palace,615,0,0
Matheus França de Oliveira,MID,Crystal Palace,615,0,0
Joško Gvardiol,DEF,Man City,616,0,1
Joško Gvardiol,DEF,Man City,616,0.01,6
Joško Gvardiol,DEF,Man City,616,0.04,2
Rasmus Højlund,FWD,Man Utd,617,0,0
Rasmus Højlund,FWD,Man Utd,617,0,0
Rasmus Højlund,FWD,Man Utd,617,0,0
Omari Kellyman,MID,Aston Villa,618,0,0
Omari Kellyman,MID,Aston Villa,618,0,0
Omari Kellyman,MID,Aston Villa,618,0,0
Ben Greenwood,DEF,Bournemouth,619,0,0
Ben Greenwood,DEF,Bournemouth,619,0,0
Ben Greenwood,DEF,Bournemouth,619,0,0
Michale Olakigbe,MID,Brentford,620,0,0
Michale Olakigbe,MID,Brentford,620,0,0
Michale Olakigbe,MID,Brentford,620,0,0
Jack Hinshelwood,MID,Brighton,621,0,0
Jack Hinshelwood,MID,Brighton,621,0,0
Jack Hinshelwood,MID,Brighton,621,0,0
Owen Dodgson,DEF,Burnley,622,0,0
Owen Dodgson,DEF,Burnley,622,0,0
Mason Burstow,FWD,Chelsea,623,0,0
Mason Burstow,FWD,Chelsea,623,0,1
Mason Burstow,FWD,Chelsea,623,0,1
Lewis Dobbin,MID,Everton,624,0,1
Lewis Dobbin,MID,Everton,624,0,1
Lewis Dobbin,MID,Everton,624,0.07,3
Luc De Fougerolles,DEF,Fulham,625,0,0
Luc De Fougerolles,DEF,Fulham,625,0,0
Luc De Fougerolles,DEF,Fulham,625,0,0
Jarell Quansah,DEF,Liverpool,626,0,0
Jarell Quansah,DEF,Liverpool,626,0,0
Jarell Quansah,DEF,Liverpool,626,0,1
Bobby Clark,MID,Liverpool,627,0,0
Bobby Clark,MID,Liverpool,627,0,0
Bobby Clark,MID,Liverpool,627,0,0
Ben Doak,MID,Liverpool,628,0,1
Ben Doak,MID,Liverpool,628,0,0
Ben Doak,MID,Liverpool,628,0,0
James McConnell,MID,Liverpool,629,0,0
James McConnell,MID,Liverpool,629,0,0
James McConnell,MID,Liverpool,629,0,0
Ross Barkley,MID,Luton,630,0,0
Ross Barkley,MID,Luton,630,0.1,2
Jacob Brown,FWD,Luton,631,0.12,4
Jacob Brown,FWD,Luton,631,0.07,0
Omari Forson,MID,Man Utd,632,0,0
Omari Forson,MID,Man Utd,632,0,0
Omari Forson,MID,Man Utd,632,0,0
Tino Livramento,DEF,Newcastle,633,0,0
Tino Livramento,DEF,Newcastle,633,0,1
Tino Livramento,DEF,Newcastle,633,0,0
Alex Murphy,DEF,Newcastle,634,0,0
Alex Murphy,DEF,Newcastle,634,0,0
Alex Murphy,DEF,Newcastle,634,0,0
Lewis Miley,MID,Newcastle,635,0,0
Lewis Miley,MID,Newcastle,635,0,0
Lewis Miley,MID,Newcastle,635,0,0
George Shelvey,GK,Nott'm Forest,636,0,0
George Shelvey,GK,Nott'm Forest,636,0,0
George Shelvey,GK,Nott'm Forest,636,0,0
Josh Powell,DEF,Nott'm Forest,637,0,0
Josh Powell,DEF,Nott'm Forest,637,0,0
Josh Powell,DEF,Nott'm Forest,637,0,0
Vini de Souza Costa,MID,Sheffield Utd,638,0,1
Vini de Souza Costa,MID,Sheffield Utd,638,0.06,1
Vini de Souza Costa,MID,Sheffield Utd,638,0,1
Micky van de Ven,DEF,Spurs,639,0.07,1
Micky van de Ven,DEF,Spurs,639,0.01,7
Micky van de Ven,DEF,Spurs,639,0,6
Dane Scarlett,FWD,Spurs,640,0,0
Dane Scarlett,FWD,Spurs,640,0,0
Dane Scarlett,FWD,Spurs,640,0,0
Alejo Véliz,FWD,Spurs,641,0,0
Alejo Véliz,FWD,Spurs,641,0,0
Alejo Véliz,FWD,Spurs,641,0,0
Edson Álvarez Velázquez,MID,West Ham,642,0,0
Edson Álvarez Velázquez,MID,West Ham,642,0,1
Edson Álvarez Velázquez,MID,West Ham,642,0,1
Max Aarons,DEF,Bournemouth,643,0.07,2
Max Aarons,DEF,Bournemouth,643,0.04,1
Max Aarons,DEF,Bournemouth,643,0.07,1
Alex Scott,MID,Bournemouth,644,0,0
Alex Scott,MID,Bournemouth,644,0,0
Alex Scott,MID,Bournemouth,644,0,0
Youssef Ramalho Chermiti,FWD,Everton,645,0,0
Youssef Ramalho Chermiti,FWD,Everton,645,0,0
Youssef Ramalho Chermiti,FWD,Everton,645,0.09,0
Karl Hein,GK,Arsenal,646,0,0
Karl Hein,GK,Arsenal,646,0,0
Karl Hein,GK,Arsenal,646,0,0
Joseph Anang,GK,West Ham,647,0,0
Joseph Anang,GK,West Ham,647,0,0
Joseph Anang,GK,West Ham,647,0,0
Aidan Francis-Clarke,DEF,Luton,648,0,0
Aidan Francis-Clarke,DEF,Luton,648,0,0
Thomas Cannon,FWD,Everton,649,0,0
Thomas Cannon,FWD,Everton,649,0,0
Thomas Cannon,FWD,Everton,649,0,1
Tyler Onyango,MID,Everton,650,0,0
Tyler Onyango,MID,Everton,650,0,1
Tyler Onyango,MID,Everton,650,0,0
Jay Stansfield,FWD,Fulham,651,0,0
Jay Stansfield,FWD,Fulham,651,0,0
Jay Stansfield,FWD,Fulham,651,0,0
Matthew Dibley-Dias,MID,Fulham,652,0,0
Matthew Dibley-Dias,MID,Fulham,652,0,0
Matthew Dibley-Dias,MID,Fulham,652,0,0
Femi Seriki,DEF,Sheffield Utd,653,0,0
Femi Seriki,DEF,Sheffield Utd,653,0,0
Femi Seriki,DEF,Sheffield Utd,653,0,0
Louie Marsh,FWD,Sheffield Utd,654,0,0
Louie Marsh,FWD,Sheffield Utd,654,0,0
Louie Marsh,FWD,Sheffield Utd,654,0,0
Andre Brooks,MID,Sheffield Utd,655,0.01,1
Andre Brooks,MID,Sheffield Utd,655,0,1
Andre Brooks,MID,Sheffield Utd,655,0,0
Antwoine Hackford,FWD,Sheffield Utd,656,0,1
Antwoine Hackford,FWD,Sheffield Utd,656,0,1
Antwoine Hackford,FWD,Sheffield Utd,656,0,0
Jesurun Rak-Sakyi,MID,Crystal Palace,657,0,0
Jesurun Rak-Sakyi,MID,Crystal Palace,657,0.1,1
Jesurun Rak-Sakyi,MID,Crystal Palace,657,0,0
John-Kymani Gordon,FWD,Crystal Palace,658,0,0
John-Kymani Gordon,FWD,Crystal Palace,658,0,0
John-Kymani Gordon,FWD,Crystal Palace,658,0,0
Lucas Bergström,GK,Chelsea,659,0,0
Lucas Bergström,GK,Chelsea,659,0,0
Lucas Bergström,GK,Chelsea,659,0,0
Wilson Odobert,MID,Burnley,660,0,0
Jack Harrison,MID,Everton,661,0,0
Jack Harrison,MID,Everton,661,0,0
Adama Traoré,MID,Fulham,662,0,1
Adama Traoré,MID,Fulham,662,0.12,1
Gustavo Hamer,MID,Sheffield Utd,663,0.14,6
Gustavo Hamer,MID,Sheffield Utd,663,0.16,2
James Ward-Prowse,MID,West Ham,664,0.15,9
James Ward-Prowse,MID,West Ham,664,0.92,6
Tim Krul,GK,Luton,665,0,0
Tom Davies,MID,Sheffield Utd,666,0,0
Tom Davies,MID,Sheffield Utd,666,0,0
Roméo Lavia,MID,Chelsea,667,0,0
Roméo Lavia,MID,Chelsea,667,0,0
Wataru Endo,MID,Liverpool,668,0.01,1
Wataru Endo,MID,Liverpool,668,0,1
Radek Vítek,GK,Man Utd,669,0,0
Radek Vítek,GK,Man Utd,669,0,0
Filip Marschall,GK,Aston Villa,670,0,0
Filip Marschall,GK,Aston Villa,670,0,0
Bashir Humphreys,DEF,Chelsea,671,0,0
Bashir Humphreys,DEF,Chelsea,671,0,0
Nicolò Zaniolo,MID,Aston Villa,672,0.31,1
Tyler Adams,MID,Bournemouth,673,0,0
Hannes Delcroix,DEF,Burnley,674,0.1,1
Aaron Ramsey,MID,Burnley,675,0.01,1
Konstantinos Mavropanos,DEF,West Ham,676,0,0
Deivid Washington de Souza Eugênio,FWD,Chelsea,677,0,0
Jérémy Doku,MID,Man City,678,0,0
Gonzalo Montiel,DEF,Nott'm Forest,679,0,0
Eddie Beach,GK,Chelsea,680,0,0
Diego Manuel Jadon da Silva Moreira,MID,Chelsea,681,0,0
Joseph Johnson,DEF,Luton,682,0,0
Luke Harris,MID,Fulham,683,0,0
Ethan Brierley,MID,Brentford,684,0,0
Daniel Gore,MID,Man Utd,685,0,0
Oliwier Zych,GK,Aston Villa,686,0,0
